<?xml version="1.0" encoding="UTF-8"?>
<gpx version="1.1" creator="trip-moto" xmlns="http://www.topografix.com/GPX/1/1">
<metadata><name>J2bis Raulhac - Sarrans - Garabit - Chaudes-Aigues - Laguiole</name><desc>Départ à la position GPS relevée à Raulhac. Les tronçons Raulhac-Sarrans et Chaudes-Aigues-Laguiole sont des lignes droites entre villages : suivre les panneaux. Le tronçon Sarrans-Garabit-Chaudes-Aigues est la trace J2 parcourue en sens inverse.</desc></metadata>
<wpt lat="44.8996" lon="2.6555"><name>Raulhac, départ (position GPS du 15/09)</name></wpt>
<wpt lat="44.848" lon="2.66"><name>Mur-de-Barrez (position approximative, suivre les panneaux)</name></wpt>
<wpt lat="44.829" lon="2.69"><name>Brommat (position approximative)</name></wpt>
<wpt lat="44.84648" lon="2.7642"><name>Barrage de Sarrans, début de la trace routière</name></wpt>
<wpt lat="44.9829" lon="3.0131"><name>Point Garabit de la trace J2 (vérifier le viaduc, panneaux)</name></wpt>
<wpt lat="44.85837" lon="2.99408"><name>Chaudes-Aigues, fin de la trace routière, puis D921</name></wpt>
<wpt lat="44.775" lon="2.948"><name>Saint-Urcize (position approximative, direction Laguiole)</name></wpt>
<wpt lat="44.6819" lon="2.8467"><name>Laguiole, bivouac</name></wpt>
<trk><name>J2bis Raulhac - Laguiole</name><trkseg>
<trkpt lat="44.8996" lon="2.6555"></trkpt>
<trkpt lat="44.848" lon="2.66"></trkpt>
<trkpt lat="44.829" lon="2.69"></trkpt>
<trkpt lat="44.84648" lon="2.7642"><ele>744.58</ele></trkpt>
<trkpt lat="44.84649" lon="2.76434"><ele>744.73</ele></trkpt>
<trkpt lat="44.84647" lon="2.76495"><ele>742.96</ele></trkpt>
<trkpt lat="44.84627" lon="2.76659"><ele>737.37</ele></trkpt>
<trkpt lat="44.84613" lon="2.76735"><ele>732.17</ele></trkpt>
<trkpt lat="44.84613" lon="2.76768"><ele>730.21</ele></trkpt>
<trkpt lat="44.8462" lon="2.76797"><ele>728.78</ele></trkpt>
<trkpt lat="44.84643" lon="2.76836"><ele>724.35</ele></trkpt>
<trkpt lat="44.84651" lon="2.76841"><ele>721.57</ele></trkpt>
<trkpt lat="44.84652" lon="2.76872"><ele>722.26</ele></trkpt>
<trkpt lat="44.8465" lon="2.76894"><ele>720.82</ele></trkpt>
<trkpt lat="44.84642" lon="2.76911"><ele>720.14</ele></trkpt>
<trkpt lat="44.84614" lon="2.76924"><ele>723.29</ele></trkpt>
<trkpt lat="44.84573" lon="2.76921"><ele>730.8</ele></trkpt>
<trkpt lat="44.84545" lon="2.76926"><ele>739.04</ele></trkpt>
<trkpt lat="44.84531" lon="2.76942"><ele>745.46</ele></trkpt>
<trkpt lat="44.84527" lon="2.76963"><ele>744.93</ele></trkpt>
<trkpt lat="44.84529" lon="2.76992"><ele>740.53</ele></trkpt>
<trkpt lat="44.84536" lon="2.77017"><ele>735.4</ele></trkpt>
<trkpt lat="44.84546" lon="2.77066"><ele>731.41</ele></trkpt>
<trkpt lat="44.84542" lon="2.7709"><ele>733.05</ele></trkpt>
<trkpt lat="44.84527" lon="2.77111"><ele>740.14</ele></trkpt>
<trkpt lat="44.84507" lon="2.77126"><ele>749.47</ele></trkpt>
<trkpt lat="44.84494" lon="2.7714"><ele>755.31</ele></trkpt>
<trkpt lat="44.84477" lon="2.77222"><ele>758.43</ele></trkpt>
<trkpt lat="44.84467" lon="2.77246"><ele>759.52</ele></trkpt>
<trkpt lat="44.84449" lon="2.77278"><ele>762.14</ele></trkpt>
<trkpt lat="44.84422" lon="2.77331"><ele>773.34</ele></trkpt>
<trkpt lat="44.84421" lon="2.77348"><ele>773.85</ele></trkpt>
<trkpt lat="44.84424" lon="2.77364"><ele>772.8</ele></trkpt>
<trkpt lat="44.84441" lon="2.77402"><ele>767.18</ele></trkpt>
<trkpt lat="44.84461" lon="2.77438"><ele>767.85</ele></trkpt>
<trkpt lat="44.84472" lon="2.77457"><ele>769.17</ele></trkpt>
<trkpt lat="44.84491" lon="2.77482"><ele>769.86</ele></trkpt>
<trkpt lat="44.84534" lon="2.77559"><ele>773.45</ele></trkpt>
<trkpt lat="44.84543" lon="2.77581"><ele>773.99</ele></trkpt>
<trkpt lat="44.84545" lon="2.77598"><ele>774.17</ele></trkpt>
<trkpt lat="44.84541" lon="2.77623"><ele>776.67</ele></trkpt>
<trkpt lat="44.84534" lon="2.77642"><ele>779.69</ele></trkpt>
<trkpt lat="44.84518" lon="2.77666"><ele>783.23</ele></trkpt>
<trkpt lat="44.84507" lon="2.77688"><ele>784.34</ele></trkpt>
<trkpt lat="44.84475" lon="2.77728"><ele>790.99</ele></trkpt>
<trkpt lat="44.84461" lon="2.77754"><ele>792.91</ele></trkpt>
<trkpt lat="44.84453" lon="2.77782"><ele>795.36</ele></trkpt>
<trkpt lat="44.84453" lon="2.77805"><ele>794.66</ele></trkpt>
<trkpt lat="44.84457" lon="2.77826"><ele>794.56</ele></trkpt>
<trkpt lat="44.84476" lon="2.77888"><ele>797.11</ele></trkpt>
<trkpt lat="44.8448" lon="2.77919"><ele>794.92</ele></trkpt>
<trkpt lat="44.8448" lon="2.7796"><ele>795.3</ele></trkpt>
<trkpt lat="44.84478" lon="2.78"><ele>797.83</ele></trkpt>
<trkpt lat="44.84474" lon="2.78003"><ele>799.06</ele></trkpt>
<trkpt lat="44.84468" lon="2.78052"><ele>804.97</ele></trkpt>
<trkpt lat="44.84485" lon="2.78173"><ele>817.8</ele></trkpt>
<trkpt lat="44.84529" lon="2.78228"><ele>818.01</ele></trkpt>
<trkpt lat="44.84574" lon="2.78253"><ele>816.57</ele></trkpt>
<trkpt lat="44.84595" lon="2.78275"><ele>816.04</ele></trkpt>
<trkpt lat="44.84611" lon="2.78308"><ele>816.25</ele></trkpt>
<trkpt lat="44.84609" lon="2.78342"><ele>822.17</ele></trkpt>
<trkpt lat="44.84596" lon="2.78394"><ele>836.06</ele></trkpt>
<trkpt lat="44.84599" lon="2.78449"><ele>840.09</ele></trkpt>
<trkpt lat="44.84607" lon="2.78485"><ele>839.04</ele></trkpt>
<trkpt lat="44.84635" lon="2.78552"><ele>833.12</ele></trkpt>
<trkpt lat="44.84642" lon="2.78603"><ele>835.44</ele></trkpt>
<trkpt lat="44.84644" lon="2.78648"><ele>835.66</ele></trkpt>
<trkpt lat="44.84634" lon="2.78671"><ele>838.95</ele></trkpt>
<trkpt lat="44.84534" lon="2.78733"><ele>848.54</ele></trkpt>
<trkpt lat="44.84482" lon="2.78762"><ele>851.8</ele></trkpt>
<trkpt lat="44.84454" lon="2.78808"><ele>848.21</ele></trkpt>
<trkpt lat="44.84429" lon="2.78865"><ele>850.38</ele></trkpt>
<trkpt lat="44.84384" lon="2.78992"><ele>858.09</ele></trkpt>
<trkpt lat="44.84339" lon="2.79057"><ele>867.73</ele></trkpt>
<trkpt lat="44.84326" lon="2.7909"><ele>872.35</ele></trkpt>
<trkpt lat="44.84298" lon="2.7919"><ele>877.33</ele></trkpt>
<trkpt lat="44.84284" lon="2.79258"><ele>878.96</ele></trkpt>
<trkpt lat="44.84284" lon="2.79294"><ele>881.45</ele></trkpt>
<trkpt lat="44.84331" lon="2.79412"><ele>880.73</ele></trkpt>
<trkpt lat="44.84333" lon="2.79433"><ele>882.24</ele></trkpt>
<trkpt lat="44.84316" lon="2.79529"><ele>884.05</ele></trkpt>
<trkpt lat="44.84306" lon="2.79647"><ele>890.52</ele></trkpt>
<trkpt lat="44.84296" lon="2.7968"><ele>892.78</ele></trkpt>
<trkpt lat="44.84287" lon="2.79699"><ele>894.22</ele></trkpt>
<trkpt lat="44.8427" lon="2.79719"><ele>896.16</ele></trkpt>
<trkpt lat="44.842" lon="2.79777"><ele>898.0</ele></trkpt>
<trkpt lat="44.83949" lon="2.79998"><ele>892.15</ele></trkpt>
<trkpt lat="44.83928" lon="2.80001"><ele>890.89</ele></trkpt>
<trkpt lat="44.83924" lon="2.80037"><ele>892.14</ele></trkpt>
<trkpt lat="44.8391" lon="2.80082"><ele>893.49</ele></trkpt>
<trkpt lat="44.83853" lon="2.80198"><ele>892.9</ele></trkpt>
<trkpt lat="44.83817" lon="2.80295"><ele>900.43</ele></trkpt>
<trkpt lat="44.83788" lon="2.80365"><ele>903.8</ele></trkpt>
<trkpt lat="44.83729" lon="2.80499"><ele>904.0</ele></trkpt>
<trkpt lat="44.83717" lon="2.80548"><ele>903.06</ele></trkpt>
<trkpt lat="44.83707" lon="2.80635"><ele>903.41</ele></trkpt>
<trkpt lat="44.83683" lon="2.80717"><ele>905.77</ele></trkpt>
<trkpt lat="44.83663" lon="2.80826"><ele>915.7</ele></trkpt>
<trkpt lat="44.83648" lon="2.80885"><ele>920.88</ele></trkpt>
<trkpt lat="44.83613" lon="2.8097"><ele>923.79</ele></trkpt>
<trkpt lat="44.8359" lon="2.80998"><ele>925.26</ele></trkpt>
<trkpt lat="44.83557" lon="2.8102"><ele>926.18</ele></trkpt>
<trkpt lat="44.83534" lon="2.81047"><ele>926.77</ele></trkpt>
<trkpt lat="44.83519" lon="2.81074"><ele>927.96</ele></trkpt>
<trkpt lat="44.83515" lon="2.81094"><ele>929.05</ele></trkpt>
<trkpt lat="44.83521" lon="2.81112"><ele>930.05</ele></trkpt>
<trkpt lat="44.83526" lon="2.81118"><ele>930.26</ele></trkpt>
<trkpt lat="44.83541" lon="2.81125"><ele>931.76</ele></trkpt>
<trkpt lat="44.83579" lon="2.81123"><ele>935.06</ele></trkpt>
<trkpt lat="44.83602" lon="2.81128"><ele>936.67</ele></trkpt>
<trkpt lat="44.83637" lon="2.81149"><ele>940.84</ele></trkpt>
<trkpt lat="44.83684" lon="2.81168"><ele>939.97</ele></trkpt>
<trkpt lat="44.83692" lon="2.81174"><ele>940.62</ele></trkpt>
<trkpt lat="44.83697" lon="2.81184"><ele>941.99</ele></trkpt>
<trkpt lat="44.83708" lon="2.8122"><ele>945.72</ele></trkpt>
<trkpt lat="44.83714" lon="2.81231"><ele>946.25</ele></trkpt>
<trkpt lat="44.83742" lon="2.81259"><ele>945.96</ele></trkpt>
<trkpt lat="44.83766" lon="2.81298"><ele>949.9</ele></trkpt>
<trkpt lat="44.83775" lon="2.81322"><ele>951.34</ele></trkpt>
<trkpt lat="44.83779" lon="2.81344"><ele>951.8</ele></trkpt>
<trkpt lat="44.83778" lon="2.81423"><ele>948.79</ele></trkpt>
<trkpt lat="44.83783" lon="2.81428"><ele>948.8</ele></trkpt>
<trkpt lat="44.8379" lon="2.81448"><ele>948.33</ele></trkpt>
<trkpt lat="44.83798" lon="2.81459"><ele>948.19</ele></trkpt>
<trkpt lat="44.83834" lon="2.81502"><ele>949.28</ele></trkpt>
<trkpt lat="44.83939" lon="2.81614"><ele>958.95</ele></trkpt>
<trkpt lat="44.84034" lon="2.8169"><ele>956.67</ele></trkpt>
<trkpt lat="44.84049" lon="2.81711"><ele>957.46</ele></trkpt>
<trkpt lat="44.84128" lon="2.81866"><ele>958.47</ele></trkpt>
<trkpt lat="44.84191" lon="2.8198"><ele>962.19</ele></trkpt>
<trkpt lat="44.84202" lon="2.82017"><ele>962.27</ele></trkpt>
<trkpt lat="44.8421" lon="2.82054"><ele>961.45</ele></trkpt>
<trkpt lat="44.84241" lon="2.82105"><ele>959.29</ele></trkpt>
<trkpt lat="44.84286" lon="2.8215"><ele>958.13</ele></trkpt>
<trkpt lat="44.84327" lon="2.82188"><ele>956.21</ele></trkpt>
<trkpt lat="44.84401" lon="2.82301"><ele>962.36</ele></trkpt>
<trkpt lat="44.84446" lon="2.82382"><ele>965.7</ele></trkpt>
<trkpt lat="44.84482" lon="2.8242"><ele>966.28</ele></trkpt>
<trkpt lat="44.8453" lon="2.82484"><ele>967.76</ele></trkpt>
<trkpt lat="44.84595" lon="2.82591"><ele>973.44</ele></trkpt>
<trkpt lat="44.84677" lon="2.82744"><ele>975.2</ele></trkpt>
<trkpt lat="44.84774" lon="2.82854"><ele>975.75</ele></trkpt>
<trkpt lat="44.8486" lon="2.82964"><ele>975.26</ele></trkpt>
<trkpt lat="44.84891" lon="2.82979"><ele>976.58</ele></trkpt>
<trkpt lat="44.84938" lon="2.82988"><ele>976.95</ele></trkpt>
<trkpt lat="44.84983" lon="2.83005"><ele>976.32</ele></trkpt>
<trkpt lat="44.85043" lon="2.83034"><ele>973.42</ele></trkpt>
<trkpt lat="44.85085" lon="2.83049"><ele>970.93</ele></trkpt>
<trkpt lat="44.85122" lon="2.83081"><ele>969.16</ele></trkpt>
<trkpt lat="44.85189" lon="2.83189"><ele>961.35</ele></trkpt>
<trkpt lat="44.85229" lon="2.83284"><ele>960.82</ele></trkpt>
<trkpt lat="44.85251" lon="2.83331"><ele>959.14</ele></trkpt>
<trkpt lat="44.85282" lon="2.83453"><ele>958.32</ele></trkpt>
<trkpt lat="44.85297" lon="2.83518"><ele>957.43</ele></trkpt>
<trkpt lat="44.85345" lon="2.8376"><ele>955.83</ele></trkpt>
<trkpt lat="44.85346" lon="2.83772"><ele>956.28</ele></trkpt>
<trkpt lat="44.85365" lon="2.83793"><ele>957.18</ele></trkpt>
<trkpt lat="44.85379" lon="2.83801"><ele>956.05</ele></trkpt>
<trkpt lat="44.85453" lon="2.83828"><ele>953.15</ele></trkpt>
<trkpt lat="44.85463" lon="2.83827"><ele>953.19</ele></trkpt>
<trkpt lat="44.85609" lon="2.83766"><ele>944.12</ele></trkpt>
<trkpt lat="44.85699" lon="2.83726"><ele>939.14</ele></trkpt>
<trkpt lat="44.85781" lon="2.83706"><ele>934.93</ele></trkpt>
<trkpt lat="44.85856" lon="2.83696"><ele>934.83</ele></trkpt>
<trkpt lat="44.8589" lon="2.83744"><ele>933.94</ele></trkpt>
<trkpt lat="44.85925" lon="2.83806"><ele>929.98</ele></trkpt>
<trkpt lat="44.85971" lon="2.8382"><ele>927.4</ele></trkpt>
<trkpt lat="44.86032" lon="2.83795"><ele>925.56</ele></trkpt>
<trkpt lat="44.86061" lon="2.83807"><ele>921.76</ele></trkpt>
<trkpt lat="44.86081" lon="2.83829"><ele>919.44</ele></trkpt>
<trkpt lat="44.86138" lon="2.83843"><ele>918.86</ele></trkpt>
<trkpt lat="44.86208" lon="2.83883"><ele>913.25</ele></trkpt>
<trkpt lat="44.86237" lon="2.83933"><ele>907.11</ele></trkpt>
<trkpt lat="44.86255" lon="2.83978"><ele>904.11</ele></trkpt>
<trkpt lat="44.86278" lon="2.84027"><ele>898.18</ele></trkpt>
<trkpt lat="44.86316" lon="2.84074"><ele>896.52</ele></trkpt>
<trkpt lat="44.86374" lon="2.84175"><ele>887.22</ele></trkpt>
<trkpt lat="44.86406" lon="2.8422"><ele>882.53</ele></trkpt>
<trkpt lat="44.86436" lon="2.84248"><ele>879.25</ele></trkpt>
<trkpt lat="44.86464" lon="2.84285"><ele>874.57</ele></trkpt>
<trkpt lat="44.86494" lon="2.84313"><ele>871.39</ele></trkpt>
<trkpt lat="44.86523" lon="2.84287"><ele>871.8</ele></trkpt>
<trkpt lat="44.86538" lon="2.84257"><ele>873.62</ele></trkpt>
<trkpt lat="44.86559" lon="2.8422"><ele>871.53</ele></trkpt>
<trkpt lat="44.8661" lon="2.84154"><ele>863.52</ele></trkpt>
<trkpt lat="44.86632" lon="2.84128"><ele>858.78</ele></trkpt>
<trkpt lat="44.86652" lon="2.84102"><ele>853.75</ele></trkpt>
<trkpt lat="44.86664" lon="2.84074"><ele>849.07</ele></trkpt>
<trkpt lat="44.8667" lon="2.84042"><ele>850.01</ele></trkpt>
<trkpt lat="44.86684" lon="2.84042"><ele>844.09</ele></trkpt>
<trkpt lat="44.86675" lon="2.84089"><ele>843.03</ele></trkpt>
<trkpt lat="44.8666" lon="2.8413"><ele>844.59</ele></trkpt>
<trkpt lat="44.86642" lon="2.84173"><ele>844.91</ele></trkpt>
<trkpt lat="44.86638" lon="2.84201"><ele>840.42</ele></trkpt>
<trkpt lat="44.86626" lon="2.84231"><ele>839.67</ele></trkpt>
<trkpt lat="44.86628" lon="2.84315"><ele>831.58</ele></trkpt>
<trkpt lat="44.86642" lon="2.84428"><ele>820.75</ele></trkpt>
<trkpt lat="44.86652" lon="2.84469"><ele>815.49</ele></trkpt>
<trkpt lat="44.86655" lon="2.84508"><ele>813.91</ele></trkpt>
<trkpt lat="44.86651" lon="2.84546"><ele>812.43</ele></trkpt>
<trkpt lat="44.86634" lon="2.84568"><ele>813.26</ele></trkpt>
<trkpt lat="44.86611" lon="2.84585"><ele>814.15</ele></trkpt>
<trkpt lat="44.86597" lon="2.84602"><ele>812.69</ele></trkpt>
<trkpt lat="44.8659" lon="2.84628"><ele>808.97</ele></trkpt>
<trkpt lat="44.86591" lon="2.84675"><ele>804.79</ele></trkpt>
<trkpt lat="44.86605" lon="2.84733"><ele>798.99</ele></trkpt>
<trkpt lat="44.86616" lon="2.84791"><ele>793.09</ele></trkpt>
<trkpt lat="44.86632" lon="2.8486"><ele>788.29</ele></trkpt>
<trkpt lat="44.86683" lon="2.84997"><ele>775.01</ele></trkpt>
<trkpt lat="44.86719" lon="2.85053"><ele>775.54</ele></trkpt>
<trkpt lat="44.86762" lon="2.85068"><ele>769.86</ele></trkpt>
<trkpt lat="44.86819" lon="2.85083"><ele>763.42</ele></trkpt>
<trkpt lat="44.86861" lon="2.85119"><ele>759.29</ele></trkpt>
<trkpt lat="44.86873" lon="2.85158"><ele>758.61</ele></trkpt>
<trkpt lat="44.86903" lon="2.85231"><ele>751.76</ele></trkpt>
<trkpt lat="44.86921" lon="2.85304"><ele>748.91</ele></trkpt>
<trkpt lat="44.86946" lon="2.85368"><ele>739.78</ele></trkpt>
<trkpt lat="44.86978" lon="2.85446"><ele>737.09</ele></trkpt>
<trkpt lat="44.87022" lon="2.85506"><ele>726.41</ele></trkpt>
<trkpt lat="44.87048" lon="2.85536"><ele>722.33</ele></trkpt>
<trkpt lat="44.8706" lon="2.85566"><ele>721.54</ele></trkpt>
<trkpt lat="44.8706" lon="2.85579"><ele>722.14</ele></trkpt>
<trkpt lat="44.87055" lon="2.85595"><ele>721.79</ele></trkpt>
<trkpt lat="44.87035" lon="2.85611"><ele>724.21</ele></trkpt>
<trkpt lat="44.87009" lon="2.8565"><ele>717.82</ele></trkpt>
<trkpt lat="44.86988" lon="2.85688"><ele>711.57</ele></trkpt>
<trkpt lat="44.86955" lon="2.85711"><ele>706.33</ele></trkpt>
<trkpt lat="44.86908" lon="2.85727"><ele>698.57</ele></trkpt>
<trkpt lat="44.86871" lon="2.85733"><ele>695.31</ele></trkpt>
<trkpt lat="44.86839" lon="2.85752"><ele>691.75</ele></trkpt>
<trkpt lat="44.86813" lon="2.85785"><ele>688.95</ele></trkpt>
<trkpt lat="44.86781" lon="2.858"><ele>685.88</ele></trkpt>
<trkpt lat="44.86745" lon="2.85785"><ele>681.14</ele></trkpt>
<trkpt lat="44.86702" lon="2.85731"><ele>678.04</ele></trkpt>
<trkpt lat="44.8667" lon="2.85677"><ele>672.44</ele></trkpt>
<trkpt lat="44.86655" lon="2.85609"><ele>670.5</ele></trkpt>
<trkpt lat="44.86655" lon="2.85527"><ele>673.88</ele></trkpt>
<trkpt lat="44.86648" lon="2.85464"><ele>675.51</ele></trkpt>
<trkpt lat="44.86644" lon="2.85441"><ele>675.24</ele></trkpt>
<trkpt lat="44.86634" lon="2.85417"><ele>673.95</ele></trkpt>
<trkpt lat="44.86622" lon="2.85392"><ele>676.1</ele></trkpt>
<trkpt lat="44.86596" lon="2.85389"><ele>673.47</ele></trkpt>
<trkpt lat="44.86582" lon="2.85413"><ele>672.71</ele></trkpt>
<trkpt lat="44.86585" lon="2.85463"><ele>670.56</ele></trkpt>
<trkpt lat="44.86585" lon="2.85501"><ele>668.3</ele></trkpt>
<trkpt lat="44.86582" lon="2.85542"><ele>661.32</ele></trkpt>
<trkpt lat="44.8656" lon="2.85599"><ele>646.73</ele></trkpt>
<trkpt lat="44.86518" lon="2.85668"><ele>649.32</ele></trkpt>
<trkpt lat="44.8651" lon="2.85681"><ele>655.67</ele></trkpt>
<trkpt lat="44.86508" lon="2.85698"><ele>660.39</ele></trkpt>
<trkpt lat="44.86525" lon="2.8575"><ele>663.38</ele></trkpt>
<trkpt lat="44.86522" lon="2.85777"><ele>668.9</ele></trkpt>
<trkpt lat="44.86522" lon="2.85823"><ele>675.06</ele></trkpt>
<trkpt lat="44.86545" lon="2.85935"><ele>672.92</ele></trkpt>
<trkpt lat="44.86548" lon="2.8597"><ele>671.81</ele></trkpt>
<trkpt lat="44.86541" lon="2.8607"><ele>675.78</ele></trkpt>
<trkpt lat="44.86542" lon="2.86105"><ele>674.11</ele></trkpt>
<trkpt lat="44.86551" lon="2.86128"><ele>668.76</ele></trkpt>
<trkpt lat="44.86564" lon="2.86151"><ele>664.41</ele></trkpt>
<trkpt lat="44.86572" lon="2.86161"><ele>662.71</ele></trkpt>
<trkpt lat="44.8658" lon="2.86182"><ele>660.21</ele></trkpt>
<trkpt lat="44.86582" lon="2.86205"><ele>659.69</ele></trkpt>
<trkpt lat="44.86581" lon="2.86227"><ele>661.05</ele></trkpt>
<trkpt lat="44.86584" lon="2.86246"><ele>662.32</ele></trkpt>
<trkpt lat="44.8659" lon="2.86258"><ele>662.05</ele></trkpt>
<trkpt lat="44.86599" lon="2.86266"><ele>661.48</ele></trkpt>
<trkpt lat="44.86611" lon="2.86268"><ele>660.29</ele></trkpt>
<trkpt lat="44.86637" lon="2.86266"><ele>657.2</ele></trkpt>
<trkpt lat="44.86644" lon="2.86274"><ele>657.94</ele></trkpt>
<trkpt lat="44.86653" lon="2.86293"><ele>660.44</ele></trkpt>
<trkpt lat="44.86653" lon="2.8631"><ele>662.61</ele></trkpt>
<trkpt lat="44.86651" lon="2.8633"><ele>664.84</ele></trkpt>
<trkpt lat="44.86633" lon="2.86412"><ele>671.63</ele></trkpt>
<trkpt lat="44.86628" lon="2.86466"><ele>669.54</ele></trkpt>
<trkpt lat="44.86626" lon="2.86498"><ele>666.97</ele></trkpt>
<trkpt lat="44.86629" lon="2.8652"><ele>667.0</ele></trkpt>
<trkpt lat="44.86638" lon="2.86538"><ele>668.85</ele></trkpt>
<trkpt lat="44.86648" lon="2.86542"><ele>671.01</ele></trkpt>
<trkpt lat="44.86661" lon="2.86539"><ele>671.96</ele></trkpt>
<trkpt lat="44.8667" lon="2.8653"><ele>671.03</ele></trkpt>
<trkpt lat="44.86678" lon="2.86514"><ele>669.88</ele></trkpt>
<trkpt lat="44.86691" lon="2.86468"><ele>664.09</ele></trkpt>
<trkpt lat="44.86713" lon="2.86418"><ele>667.82</ele></trkpt>
<trkpt lat="44.86728" lon="2.8637"><ele>664.45</ele></trkpt>
<trkpt lat="44.86742" lon="2.86343"><ele>662.93</ele></trkpt>
<trkpt lat="44.86766" lon="2.86301"><ele>659.64</ele></trkpt>
<trkpt lat="44.86776" lon="2.86291"><ele>658.82</ele></trkpt>
<trkpt lat="44.86795" lon="2.86281"><ele>662.36</ele></trkpt>
<trkpt lat="44.86811" lon="2.86268"><ele>664.82</ele></trkpt>
<trkpt lat="44.86827" lon="2.86259"><ele>668.84</ele></trkpt>
<trkpt lat="44.86867" lon="2.86226"><ele>662.99</ele></trkpt>
<trkpt lat="44.86885" lon="2.86218"><ele>658.89</ele></trkpt>
<trkpt lat="44.86894" lon="2.86211"><ele>658.25</ele></trkpt>
<trkpt lat="44.8691" lon="2.86188"><ele>653.71</ele></trkpt>
<trkpt lat="44.86946" lon="2.86153"><ele>658.65</ele></trkpt>
<trkpt lat="44.86962" lon="2.86141"><ele>660.75</ele></trkpt>
<trkpt lat="44.86979" lon="2.86131"><ele>661.12</ele></trkpt>
<trkpt lat="44.87039" lon="2.86103"><ele>652.07</ele></trkpt>
<trkpt lat="44.87068" lon="2.86096"><ele>653.35</ele></trkpt>
<trkpt lat="44.87089" lon="2.86094"><ele>654.91</ele></trkpt>
<trkpt lat="44.87104" lon="2.86096"><ele>657.05</ele></trkpt>
<trkpt lat="44.87118" lon="2.861"><ele>659.59</ele></trkpt>
<trkpt lat="44.87131" lon="2.86107"><ele>662.46</ele></trkpt>
<trkpt lat="44.87161" lon="2.86131"><ele>663.38</ele></trkpt>
<trkpt lat="44.87179" lon="2.86149"><ele>662.59</ele></trkpt>
<trkpt lat="44.87188" lon="2.86166"><ele>663.23</ele></trkpt>
<trkpt lat="44.872" lon="2.86193"><ele>661.52</ele></trkpt>
<trkpt lat="44.87206" lon="2.86219"><ele>662.43</ele></trkpt>
<trkpt lat="44.87207" lon="2.86279"><ele>669.78</ele></trkpt>
<trkpt lat="44.87211" lon="2.86326"><ele>667.16</ele></trkpt>
<trkpt lat="44.87208" lon="2.86365"><ele>672.59</ele></trkpt>
<trkpt lat="44.87209" lon="2.86382"><ele>670.91</ele></trkpt>
<trkpt lat="44.87207" lon="2.86404"><ele>668.57</ele></trkpt>
<trkpt lat="44.87202" lon="2.8642"><ele>668.09</ele></trkpt>
<trkpt lat="44.87197" lon="2.86446"><ele>664.97</ele></trkpt>
<trkpt lat="44.87196" lon="2.86469"><ele>665.9</ele></trkpt>
<trkpt lat="44.87199" lon="2.86554"><ele>672.91</ele></trkpt>
<trkpt lat="44.87198" lon="2.86587"><ele>674.11</ele></trkpt>
<trkpt lat="44.87196" lon="2.86612"><ele>674.03</ele></trkpt>
<trkpt lat="44.87189" lon="2.86656"><ele>661.95</ele></trkpt>
<trkpt lat="44.87186" lon="2.86691"><ele>675.75</ele></trkpt>
<trkpt lat="44.87198" lon="2.86696"><ele>678.16</ele></trkpt>
<trkpt lat="44.87339" lon="2.86754"><ele>642.59</ele></trkpt>
<trkpt lat="44.87347" lon="2.86754"><ele>644.42</ele></trkpt>
<trkpt lat="44.87351" lon="2.868"><ele>649.0</ele></trkpt>
<trkpt lat="44.8735" lon="2.86827"><ele>648.02</ele></trkpt>
<trkpt lat="44.87351" lon="2.86837"><ele>647.78</ele></trkpt>
<trkpt lat="44.87354" lon="2.86846"><ele>647.78</ele></trkpt>
<trkpt lat="44.87358" lon="2.86853"><ele>648.08</ele></trkpt>
<trkpt lat="44.87362" lon="2.86858"><ele>648.57</ele></trkpt>
<trkpt lat="44.87373" lon="2.86864"><ele>650.55</ele></trkpt>
<trkpt lat="44.874" lon="2.86868"><ele>656.78</ele></trkpt>
<trkpt lat="44.87434" lon="2.86892"><ele>660.53</ele></trkpt>
<trkpt lat="44.87467" lon="2.86922"><ele>658.86</ele></trkpt>
<trkpt lat="44.87504" lon="2.86964"><ele>662.18</ele></trkpt>
<trkpt lat="44.87556" lon="2.87011"><ele>663.86</ele></trkpt>
<trkpt lat="44.87568" lon="2.87028"><ele>662.85</ele></trkpt>
<trkpt lat="44.87573" lon="2.87041"><ele>662.62</ele></trkpt>
<trkpt lat="44.87586" lon="2.87087"><ele>660.71</ele></trkpt>
<trkpt lat="44.8759" lon="2.87148"><ele>658.84</ele></trkpt>
<trkpt lat="44.87614" lon="2.87272"><ele>657.07</ele></trkpt>
<trkpt lat="44.87616" lon="2.87312"><ele>653.41</ele></trkpt>
<trkpt lat="44.87616" lon="2.8734"><ele>650.05</ele></trkpt>
<trkpt lat="44.87618" lon="2.8735"><ele>649.66</ele></trkpt>
<trkpt lat="44.87622" lon="2.87357"><ele>649.86</ele></trkpt>
<trkpt lat="44.87629" lon="2.87361"><ele>650.86</ele></trkpt>
<trkpt lat="44.87639" lon="2.87362"><ele>652.96</ele></trkpt>
<trkpt lat="44.8767" lon="2.87356"><ele>657.47</ele></trkpt>
<trkpt lat="44.87708" lon="2.87354"><ele>661.01</ele></trkpt>
<trkpt lat="44.87727" lon="2.87356"><ele>663.4</ele></trkpt>
<trkpt lat="44.87741" lon="2.87364"><ele>665.52</ele></trkpt>
<trkpt lat="44.87748" lon="2.87373"><ele>665.4</ele></trkpt>
<trkpt lat="44.87754" lon="2.87389"><ele>664.12</ele></trkpt>
<trkpt lat="44.87791" lon="2.87439"><ele>669.1</ele></trkpt>
<trkpt lat="44.87804" lon="2.8746"><ele>670.85</ele></trkpt>
<trkpt lat="44.87818" lon="2.87486"><ele>673.35</ele></trkpt>
<trkpt lat="44.87827" lon="2.87509"><ele>673.61</ele></trkpt>
<trkpt lat="44.87829" lon="2.87518"><ele>673.01</ele></trkpt>
<trkpt lat="44.87827" lon="2.87593"><ele>671.61</ele></trkpt>
<trkpt lat="44.87829" lon="2.87603"><ele>671.87</ele></trkpt>
<trkpt lat="44.87834" lon="2.87618"><ele>672.77</ele></trkpt>
<trkpt lat="44.87844" lon="2.8763"><ele>675.51</ele></trkpt>
<trkpt lat="44.8787" lon="2.87645"><ele>680.71</ele></trkpt>
<trkpt lat="44.87879" lon="2.87652"><ele>682.01</ele></trkpt>
<trkpt lat="44.87886" lon="2.8766"><ele>682.27</ele></trkpt>
<trkpt lat="44.87892" lon="2.87678"><ele>682.76</ele></trkpt>
<trkpt lat="44.87896" lon="2.877"><ele>684.01</ele></trkpt>
<trkpt lat="44.87899" lon="2.87723"><ele>686.05</ele></trkpt>
<trkpt lat="44.87898" lon="2.8774"><ele>686.18</ele></trkpt>
<trkpt lat="44.87889" lon="2.87795"><ele>684.61</ele></trkpt>
<trkpt lat="44.87861" lon="2.87861"><ele>685.11</ele></trkpt>
<trkpt lat="44.87835" lon="2.87928"><ele>693.25</ele></trkpt>
<trkpt lat="44.8783" lon="2.87935"><ele>695.23</ele></trkpt>
<trkpt lat="44.87813" lon="2.87938"><ele>699.01</ele></trkpt>
<trkpt lat="44.878" lon="2.87928"><ele>704.72</ele></trkpt>
<trkpt lat="44.87795" lon="2.87917"><ele>708.61</ele></trkpt>
<trkpt lat="44.87792" lon="2.87895"><ele>709.95</ele></trkpt>
<trkpt lat="44.87806" lon="2.87823"><ele>704.72</ele></trkpt>
<trkpt lat="44.87819" lon="2.87774"><ele>697.5</ele></trkpt>
<trkpt lat="44.87819" lon="2.87745"><ele>695.96</ele></trkpt>
<trkpt lat="44.87812" lon="2.87726"><ele>696.5</ele></trkpt>
<trkpt lat="44.87805" lon="2.87717"><ele>697.87</ele></trkpt>
<trkpt lat="44.87797" lon="2.87712"><ele>701.11</ele></trkpt>
<trkpt lat="44.87782" lon="2.87707"><ele>708.23</ele></trkpt>
<trkpt lat="44.87771" lon="2.87691"><ele>713.41</ele></trkpt>
<trkpt lat="44.87729" lon="2.87582"><ele>708.22</ele></trkpt>
<trkpt lat="44.87726" lon="2.87575"><ele>707.4</ele></trkpt>
<trkpt lat="44.87722" lon="2.87571"><ele>707.47</ele></trkpt>
<trkpt lat="44.87716" lon="2.87569"><ele>707.04</ele></trkpt>
<trkpt lat="44.87702" lon="2.87576"><ele>709.04</ele></trkpt>
<trkpt lat="44.87675" lon="2.87598"><ele>715.92</ele></trkpt>
<trkpt lat="44.87647" lon="2.87618"><ele>720.72</ele></trkpt>
<trkpt lat="44.87634" lon="2.87623"><ele>721.5</ele></trkpt>
<trkpt lat="44.87619" lon="2.87622"><ele>720.77</ele></trkpt>
<trkpt lat="44.87588" lon="2.87612"><ele>722.11</ele></trkpt>
<trkpt lat="44.87543" lon="2.87605"><ele>728.22</ele></trkpt>
<trkpt lat="44.87524" lon="2.87595"><ele>729.16</ele></trkpt>
<trkpt lat="44.87505" lon="2.87588"><ele>731.1</ele></trkpt>
<trkpt lat="44.87476" lon="2.87564"><ele>727.56</ele></trkpt>
<trkpt lat="44.87466" lon="2.87558"><ele>727.32</ele></trkpt>
<trkpt lat="44.87453" lon="2.87554"><ele>728.98</ele></trkpt>
<trkpt lat="44.87412" lon="2.87547"><ele>734.22</ele></trkpt>
<trkpt lat="44.874" lon="2.87538"><ele>734.01</ele></trkpt>
<trkpt lat="44.87387" lon="2.87518"><ele>733.08</ele></trkpt>
<trkpt lat="44.87381" lon="2.87513"><ele>731.18</ele></trkpt>
<trkpt lat="44.87376" lon="2.87512"><ele>729.74</ele></trkpt>
<trkpt lat="44.87371" lon="2.87513"><ele>728.55</ele></trkpt>
<trkpt lat="44.87362" lon="2.87524"><ele>727.91</ele></trkpt>
<trkpt lat="44.87335" lon="2.87599"><ele>734.66</ele></trkpt>
<trkpt lat="44.87283" lon="2.87679"><ele>742.27</ele></trkpt>
<trkpt lat="44.87276" lon="2.87686"><ele>743.09</ele></trkpt>
<trkpt lat="44.87263" lon="2.87692"><ele>744.02</ele></trkpt>
<trkpt lat="44.87256" lon="2.87691"><ele>743.7</ele></trkpt>
<trkpt lat="44.87234" lon="2.87676"><ele>743.33</ele></trkpt>
<trkpt lat="44.87227" lon="2.87674"><ele>743.9</ele></trkpt>
<trkpt lat="44.87222" lon="2.87675"><ele>744.62</ele></trkpt>
<trkpt lat="44.87212" lon="2.87685"><ele>741.93</ele></trkpt>
<trkpt lat="44.87211" lon="2.87691"><ele>742.18</ele></trkpt>
<trkpt lat="44.87212" lon="2.87699"><ele>743.03</ele></trkpt>
<trkpt lat="44.87216" lon="2.87705"><ele>744.47</ele></trkpt>
<trkpt lat="44.87255" lon="2.87723"><ele>749.81</ele></trkpt>
<trkpt lat="44.87267" lon="2.87725"><ele>751.53</ele></trkpt>
<trkpt lat="44.87276" lon="2.87725"><ele>752.44</ele></trkpt>
<trkpt lat="44.87295" lon="2.87716"><ele>754.17</ele></trkpt>
<trkpt lat="44.87343" lon="2.87675"><ele>755.14</ele></trkpt>
<trkpt lat="44.87364" lon="2.87661"><ele>756.46</ele></trkpt>
<trkpt lat="44.87377" lon="2.87658"><ele>757.96</ele></trkpt>
<trkpt lat="44.87392" lon="2.87658"><ele>760.12</ele></trkpt>
<trkpt lat="44.8747" lon="2.87681"><ele>768.08</ele></trkpt>
<trkpt lat="44.87493" lon="2.87691"><ele>770.33</ele></trkpt>
<trkpt lat="44.87518" lon="2.87715"><ele>776.46</ele></trkpt>
<trkpt lat="44.87531" lon="2.87726"><ele>778.56</ele></trkpt>
<trkpt lat="44.87593" lon="2.87765"><ele>782.36</ele></trkpt>
<trkpt lat="44.87612" lon="2.8778"><ele>784.38</ele></trkpt>
<trkpt lat="44.87624" lon="2.87797"><ele>786.42</ele></trkpt>
<trkpt lat="44.87629" lon="2.87813"><ele>788.95</ele></trkpt>
<trkpt lat="44.87627" lon="2.87961"><ele>801.88</ele></trkpt>
<trkpt lat="44.87633" lon="2.88078"><ele>806.46</ele></trkpt>
<trkpt lat="44.8763" lon="2.88109"><ele>806.78</ele></trkpt>
<trkpt lat="44.87625" lon="2.88119"><ele>808.26</ele></trkpt>
<trkpt lat="44.87599" lon="2.88159"><ele>813.38</ele></trkpt>
<trkpt lat="44.87595" lon="2.88168"><ele>813.22</ele></trkpt>
<trkpt lat="44.87593" lon="2.88188"><ele>813.56</ele></trkpt>
<trkpt lat="44.87601" lon="2.8826"><ele>818.39</ele></trkpt>
<trkpt lat="44.87604" lon="2.883"><ele>821.88</ele></trkpt>
<trkpt lat="44.87603" lon="2.88342"><ele>823.07</ele></trkpt>
<trkpt lat="44.87601" lon="2.88376"><ele>825.82</ele></trkpt>
<trkpt lat="44.87602" lon="2.88405"><ele>828.96</ele></trkpt>
<trkpt lat="44.87608" lon="2.88419"><ele>829.0</ele></trkpt>
<trkpt lat="44.87617" lon="2.88429"><ele>828.15</ele></trkpt>
<trkpt lat="44.87624" lon="2.88434"><ele>827.65</ele></trkpt>
<trkpt lat="44.87642" lon="2.88439"><ele>826.67</ele></trkpt>
<trkpt lat="44.87665" lon="2.88441"><ele>827.73</ele></trkpt>
<trkpt lat="44.87674" lon="2.88444"><ele>829.15</ele></trkpt>
<trkpt lat="44.87692" lon="2.88454"><ele>832.1</ele></trkpt>
<trkpt lat="44.87704" lon="2.88469"><ele>833.64</ele></trkpt>
<trkpt lat="44.87706" lon="2.88476"><ele>833.98</ele></trkpt>
<trkpt lat="44.8771" lon="2.88495"><ele>834.49</ele></trkpt>
<trkpt lat="44.87765" lon="2.88664"><ele>841.68</ele></trkpt>
<trkpt lat="44.87772" lon="2.88682"><ele>841.82</ele></trkpt>
<trkpt lat="44.87775" lon="2.88685"><ele>841.77</ele></trkpt>
<trkpt lat="44.87775" lon="2.88691"><ele>841.96</ele></trkpt>
<trkpt lat="44.87742" lon="2.88751"><ele>842.31</ele></trkpt>
<trkpt lat="44.87685" lon="2.88817"><ele>838.89</ele></trkpt>
<trkpt lat="44.87662" lon="2.88856"><ele>837.65</ele></trkpt>
<trkpt lat="44.87632" lon="2.889"><ele>835.81</ele></trkpt>
<trkpt lat="44.87609" lon="2.88939"><ele>836.67</ele></trkpt>
<trkpt lat="44.87553" lon="2.89044"><ele>837.85</ele></trkpt>
<trkpt lat="44.87549" lon="2.89056"><ele>837.82</ele></trkpt>
<trkpt lat="44.87545" lon="2.89076"><ele>836.99</ele></trkpt>
<trkpt lat="44.87546" lon="2.89101"><ele>836.36</ele></trkpt>
<trkpt lat="44.87549" lon="2.89114"><ele>836.38</ele></trkpt>
<trkpt lat="44.87561" lon="2.89136"><ele>837.72</ele></trkpt>
<trkpt lat="44.87569" lon="2.89144"><ele>838.54</ele></trkpt>
<trkpt lat="44.87629" lon="2.89182"><ele>843.51</ele></trkpt>
<trkpt lat="44.87641" lon="2.89194"><ele>844.24</ele></trkpt>
<trkpt lat="44.87648" lon="2.89207"><ele>845.29</ele></trkpt>
<trkpt lat="44.87652" lon="2.89221"><ele>845.17</ele></trkpt>
<trkpt lat="44.87681" lon="2.89343"><ele>843.86</ele></trkpt>
<trkpt lat="44.87695" lon="2.8938"><ele>844.89</ele></trkpt>
<trkpt lat="44.8772" lon="2.89431"><ele>844.5</ele></trkpt>
<trkpt lat="44.87745" lon="2.8947"><ele>842.68</ele></trkpt>
<trkpt lat="44.87757" lon="2.89484"><ele>843.59</ele></trkpt>
<trkpt lat="44.87782" lon="2.89508"><ele>846.67</ele></trkpt>
<trkpt lat="44.87811" lon="2.89526"><ele>850.5</ele></trkpt>
<trkpt lat="44.8782" lon="2.89527"><ele>851.1</ele></trkpt>
<trkpt lat="44.87831" lon="2.89526"><ele>851.96</ele></trkpt>
<trkpt lat="44.87841" lon="2.89521"><ele>852.03</ele></trkpt>
<trkpt lat="44.8787" lon="2.89497"><ele>855.13</ele></trkpt>
<trkpt lat="44.87883" lon="2.89496"><ele>856.43</ele></trkpt>
<trkpt lat="44.87892" lon="2.89498"><ele>857.36</ele></trkpt>
<trkpt lat="44.879" lon="2.89503"><ele>858.15</ele></trkpt>
<trkpt lat="44.87923" lon="2.89525"><ele>857.45</ele></trkpt>
<trkpt lat="44.88025" lon="2.89653"><ele>854.39</ele></trkpt>
<trkpt lat="44.88033" lon="2.89665"><ele>854.55</ele></trkpt>
<trkpt lat="44.88085" lon="2.89768"><ele>858.66</ele></trkpt>
<trkpt lat="44.88092" lon="2.89778"><ele>858.58</ele></trkpt>
<trkpt lat="44.88105" lon="2.89788"><ele>859.38</ele></trkpt>
<trkpt lat="44.88113" lon="2.8979"><ele>859.86</ele></trkpt>
<trkpt lat="44.88133" lon="2.89791"><ele>861.18</ele></trkpt>
<trkpt lat="44.88191" lon="2.89786"><ele>861.55</ele></trkpt>
<trkpt lat="44.88211" lon="2.89781"><ele>858.63</ele></trkpt>
<trkpt lat="44.88221" lon="2.89771"><ele>857.73</ele></trkpt>
<trkpt lat="44.88226" lon="2.89762"><ele>857.76</ele></trkpt>
<trkpt lat="44.88242" lon="2.89715"><ele>859.08</ele></trkpt>
<trkpt lat="44.88255" lon="2.89691"><ele>858.73</ele></trkpt>
<trkpt lat="44.88265" lon="2.8968"><ele>858.63</ele></trkpt>
<trkpt lat="44.88316" lon="2.89626"><ele>859.32</ele></trkpt>
<trkpt lat="44.8833" lon="2.89615"><ele>860.36</ele></trkpt>
<trkpt lat="44.88356" lon="2.896"><ele>860.82</ele></trkpt>
<trkpt lat="44.88378" lon="2.89582"><ele>860.54</ele></trkpt>
<trkpt lat="44.88417" lon="2.89542"><ele>861.62</ele></trkpt>
<trkpt lat="44.88424" lon="2.89532"><ele>862.24</ele></trkpt>
<trkpt lat="44.88441" lon="2.89497"><ele>865.01</ele></trkpt>
<trkpt lat="44.8845" lon="2.89489"><ele>865.13</ele></trkpt>
<trkpt lat="44.88463" lon="2.89483"><ele>865.41</ele></trkpt>
<trkpt lat="44.88509" lon="2.8947"><ele>865.05</ele></trkpt>
<trkpt lat="44.88525" lon="2.89474"><ele>861.99</ele></trkpt>
<trkpt lat="44.88537" lon="2.89479"><ele>860.4</ele></trkpt>
<trkpt lat="44.88545" lon="2.89481"><ele>859.84</ele></trkpt>
<trkpt lat="44.88573" lon="2.89475"><ele>860.53</ele></trkpt>
<trkpt lat="44.88586" lon="2.89479"><ele>861.67</ele></trkpt>
<trkpt lat="44.88593" lon="2.89485"><ele>862.7</ele></trkpt>
<trkpt lat="44.88603" lon="2.89502"><ele>863.07</ele></trkpt>
<trkpt lat="44.88605" lon="2.89511"><ele>863.2</ele></trkpt>
<trkpt lat="44.88605" lon="2.8952"><ele>863.13</ele></trkpt>
<trkpt lat="44.886" lon="2.89562"><ele>861.41</ele></trkpt>
<trkpt lat="44.88604" lon="2.89633"><ele>865.72</ele></trkpt>
<trkpt lat="44.88603" lon="2.89647"><ele>866.97</ele></trkpt>
<trkpt lat="44.88599" lon="2.8966"><ele>867.81</ele></trkpt>
<trkpt lat="44.88586" lon="2.89695"><ele>866.69</ele></trkpt>
<trkpt lat="44.88583" lon="2.89719"><ele>867.79</ele></trkpt>
<trkpt lat="44.8859" lon="2.89783"><ele>874.84</ele></trkpt>
<trkpt lat="44.886" lon="2.89844"><ele>877.46</ele></trkpt>
<trkpt lat="44.88599" lon="2.89864"><ele>878.36</ele></trkpt>
<trkpt lat="44.88596" lon="2.89876"><ele>879.07</ele></trkpt>
<trkpt lat="44.88586" lon="2.89892"><ele>879.09</ele></trkpt>
<trkpt lat="44.8858" lon="2.89896"><ele>878.8</ele></trkpt>
<trkpt lat="44.88538" lon="2.89907"><ele>876.67</ele></trkpt>
<trkpt lat="44.88525" lon="2.89914"><ele>876.44</ele></trkpt>
<trkpt lat="44.88504" lon="2.89933"><ele>875.4</ele></trkpt>
<trkpt lat="44.88495" lon="2.89946"><ele>875.45</ele></trkpt>
<trkpt lat="44.88488" lon="2.8996"><ele>875.2</ele></trkpt>
<trkpt lat="44.88484" lon="2.89974"><ele>875.48</ele></trkpt>
<trkpt lat="44.88479" lon="2.90001"><ele>876.81</ele></trkpt>
<trkpt lat="44.88478" lon="2.9003"><ele>876.69</ele></trkpt>
<trkpt lat="44.88479" lon="2.90044"><ele>876.83</ele></trkpt>
<trkpt lat="44.88484" lon="2.90053"><ele>877.27</ele></trkpt>
<trkpt lat="44.88495" lon="2.90068"><ele>877.62</ele></trkpt>
<trkpt lat="44.88604" lon="2.90127"><ele>884.99</ele></trkpt>
<trkpt lat="44.88652" lon="2.90154"><ele>885.97</ele></trkpt>
<trkpt lat="44.88666" lon="2.90165"><ele>886.22</ele></trkpt>
<trkpt lat="44.88676" lon="2.90177"><ele>887.11</ele></trkpt>
<trkpt lat="44.88774" lon="2.90335"><ele>890.45</ele></trkpt>
<trkpt lat="44.88809" lon="2.90378"><ele>887.64</ele></trkpt>
<trkpt lat="44.88823" lon="2.90406"><ele>886.64</ele></trkpt>
<trkpt lat="44.88842" lon="2.90469"><ele>885.14</ele></trkpt>
<trkpt lat="44.88848" lon="2.90482"><ele>884.91</ele></trkpt>
<trkpt lat="44.88866" lon="2.90506"><ele>885.42</ele></trkpt>
<trkpt lat="44.8889" lon="2.90529"><ele>884.9</ele></trkpt>
<trkpt lat="44.88903" lon="2.90549"><ele>883.4</ele></trkpt>
<trkpt lat="44.88945" lon="2.90676"><ele>883.44</ele></trkpt>
<trkpt lat="44.88949" lon="2.90694"><ele>882.89</ele></trkpt>
<trkpt lat="44.88956" lon="2.90754"><ele>880.45</ele></trkpt>
<trkpt lat="44.88959" lon="2.90767"><ele>880.22</ele></trkpt>
<trkpt lat="44.8897" lon="2.90788"><ele>880.02</ele></trkpt>
<trkpt lat="44.88983" lon="2.90803"><ele>881.07</ele></trkpt>
<trkpt lat="44.88993" lon="2.90822"><ele>880.59</ele></trkpt>
<trkpt lat="44.89014" lon="2.90852"><ele>879.1</ele></trkpt>
<trkpt lat="44.89036" lon="2.90865"><ele>879.02</ele></trkpt>
<trkpt lat="44.89074" lon="2.9088"><ele>879.77</ele></trkpt>
<trkpt lat="44.89098" lon="2.9088"><ele>879.29</ele></trkpt>
<trkpt lat="44.89109" lon="2.90875"><ele>879.55</ele></trkpt>
<trkpt lat="44.89155" lon="2.9083"><ele>880.28</ele></trkpt>
<trkpt lat="44.89177" lon="2.90823"><ele>872.75</ele></trkpt>
<trkpt lat="44.8919" lon="2.90809"><ele>868.8</ele></trkpt>
<trkpt lat="44.89205" lon="2.90778"><ele>865.97</ele></trkpt>
<trkpt lat="44.89209" lon="2.90765"><ele>866.27</ele></trkpt>
<trkpt lat="44.89209" lon="2.90755"><ele>867.2</ele></trkpt>
<trkpt lat="44.89209" lon="2.907"><ele>872.33</ele></trkpt>
<trkpt lat="44.89214" lon="2.90668"><ele>870.99</ele></trkpt>
<trkpt lat="44.89242" lon="2.90554"><ele>867.24</ele></trkpt>
<trkpt lat="44.89249" lon="2.90539"><ele>865.74</ele></trkpt>
<trkpt lat="44.89256" lon="2.90532"><ele>864.74</ele></trkpt>
<trkpt lat="44.89263" lon="2.90527"><ele>864.11</ele></trkpt>
<trkpt lat="44.89272" lon="2.90525"><ele>862.88</ele></trkpt>
<trkpt lat="44.89283" lon="2.90525"><ele>861.98</ele></trkpt>
<trkpt lat="44.8929" lon="2.90528"><ele>861.34</ele></trkpt>
<trkpt lat="44.89303" lon="2.90541"><ele>859.53</ele></trkpt>
<trkpt lat="44.89348" lon="2.90595"><ele>855.76</ele></trkpt>
<trkpt lat="44.89367" lon="2.90604"><ele>854.76</ele></trkpt>
<trkpt lat="44.89426" lon="2.90601"><ele>855.6</ele></trkpt>
<trkpt lat="44.89454" lon="2.90597"><ele>853.49</ele></trkpt>
<trkpt lat="44.89488" lon="2.90581"><ele>851.36</ele></trkpt>
<trkpt lat="44.89513" lon="2.90565"><ele>849.44</ele></trkpt>
<trkpt lat="44.89535" lon="2.90543"><ele>848.74</ele></trkpt>
<trkpt lat="44.89562" lon="2.90501"><ele>847.25</ele></trkpt>
<trkpt lat="44.89614" lon="2.9045"><ele>843.26</ele></trkpt>
<trkpt lat="44.8963" lon="2.90443"><ele>844.83</ele></trkpt>
<trkpt lat="44.89638" lon="2.90443"><ele>845.14</ele></trkpt>
<trkpt lat="44.89647" lon="2.90446"><ele>845.98</ele></trkpt>
<trkpt lat="44.89655" lon="2.90451"><ele>846.14</ele></trkpt>
<trkpt lat="44.89673" lon="2.90469"><ele>846.03</ele></trkpt>
<trkpt lat="44.89678" lon="2.9048"><ele>846.61</ele></trkpt>
<trkpt lat="44.89683" lon="2.90512"><ele>846.5</ele></trkpt>
<trkpt lat="44.89681" lon="2.9055"><ele>845.32</ele></trkpt>
<trkpt lat="44.89676" lon="2.9058"><ele>843.44</ele></trkpt>
<trkpt lat="44.89662" lon="2.90639"><ele>842.76</ele></trkpt>
<trkpt lat="44.8965" lon="2.90666"><ele>840.7</ele></trkpt>
<trkpt lat="44.89625" lon="2.90708"><ele>836.8</ele></trkpt>
<trkpt lat="44.89584" lon="2.90782"><ele>833.74</ele></trkpt>
<trkpt lat="44.8957" lon="2.90812"><ele>831.38</ele></trkpt>
<trkpt lat="44.89562" lon="2.90837"><ele>829.12</ele></trkpt>
<trkpt lat="44.89559" lon="2.90862"><ele>827.32</ele></trkpt>
<trkpt lat="44.89559" lon="2.90879"><ele>827.11</ele></trkpt>
<trkpt lat="44.89575" lon="2.90996"><ele>827.08</ele></trkpt>
<trkpt lat="44.89582" lon="2.91029"><ele>824.44</ele></trkpt>
<trkpt lat="44.89592" lon="2.91037"><ele>824.16</ele></trkpt>
<trkpt lat="44.89663" lon="2.91031"><ele>828.33</ele></trkpt>
<trkpt lat="44.89686" lon="2.91032"><ele>827.55</ele></trkpt>
<trkpt lat="44.89702" lon="2.91028"><ele>827.63</ele></trkpt>
<trkpt lat="44.89775" lon="2.90983"><ele>828.62</ele></trkpt>
<trkpt lat="44.89799" lon="2.90967"><ele>827.69</ele></trkpt>
<trkpt lat="44.89816" lon="2.90963"><ele>825.59</ele></trkpt>
<trkpt lat="44.89846" lon="2.90971"><ele>819.32</ele></trkpt>
<trkpt lat="44.8986" lon="2.90965"><ele>817.33</ele></trkpt>
<trkpt lat="44.89877" lon="2.90952"><ele>814.89</ele></trkpt>
<trkpt lat="44.89905" lon="2.90933"><ele>810.7</ele></trkpt>
<trkpt lat="44.89933" lon="2.90911"><ele>811.08</ele></trkpt>
<trkpt lat="44.89954" lon="2.90889"><ele>813.94</ele></trkpt>
<trkpt lat="44.89977" lon="2.90862"><ele>820.6</ele></trkpt>
<trkpt lat="44.89993" lon="2.90855"><ele>820.71</ele></trkpt>
<trkpt lat="44.90001" lon="2.90856"><ele>819.11</ele></trkpt>
<trkpt lat="44.90009" lon="2.9086"><ele>817.14</ele></trkpt>
<trkpt lat="44.90043" lon="2.90892"><ele>807.21</ele></trkpt>
<trkpt lat="44.90055" lon="2.909"><ele>805.17</ele></trkpt>
<trkpt lat="44.90065" lon="2.90903"><ele>802.41</ele></trkpt>
<trkpt lat="44.90074" lon="2.90902"><ele>802.17</ele></trkpt>
<trkpt lat="44.90121" lon="2.90872"><ele>804.67</ele></trkpt>
<trkpt lat="44.9014" lon="2.90856"><ele>802.21</ele></trkpt>
<trkpt lat="44.90153" lon="2.90839"><ele>802.86</ele></trkpt>
<trkpt lat="44.90207" lon="2.90741"><ele>807.33</ele></trkpt>
<trkpt lat="44.90248" lon="2.90659"><ele>810.0</ele></trkpt>
<trkpt lat="44.90254" lon="2.90651"><ele>811.86</ele></trkpt>
<trkpt lat="44.90263" lon="2.90649"><ele>812.8</ele></trkpt>
<trkpt lat="44.90287" lon="2.90671"><ele>803.44</ele></trkpt>
<trkpt lat="44.90298" lon="2.90678"><ele>799.43</ele></trkpt>
<trkpt lat="44.90315" lon="2.90684"><ele>796.22</ele></trkpt>
<trkpt lat="44.90333" lon="2.90696"><ele>791.4</ele></trkpt>
<trkpt lat="44.90339" lon="2.90697"><ele>791.18</ele></trkpt>
<trkpt lat="44.90373" lon="2.90682"><ele>796.16</ele></trkpt>
<trkpt lat="44.90393" lon="2.90684"><ele>795.11</ele></trkpt>
<trkpt lat="44.90409" lon="2.90688"><ele>792.54</ele></trkpt>
<trkpt lat="44.90427" lon="2.90687"><ele>792.11</ele></trkpt>
<trkpt lat="44.90445" lon="2.90674"><ele>793.76</ele></trkpt>
<trkpt lat="44.9046" lon="2.90658"><ele>793.77</ele></trkpt>
<trkpt lat="44.90466" lon="2.90653"><ele>792.74</ele></trkpt>
<trkpt lat="44.90475" lon="2.90652"><ele>791.23</ele></trkpt>
<trkpt lat="44.90482" lon="2.90657"><ele>790.58</ele></trkpt>
<trkpt lat="44.90487" lon="2.90665"><ele>790.44</ele></trkpt>
<trkpt lat="44.90488" lon="2.90673"><ele>791.1</ele></trkpt>
<trkpt lat="44.90487" lon="2.90681"><ele>791.9</ele></trkpt>
<trkpt lat="44.90474" lon="2.90698"><ele>792.3</ele></trkpt>
<trkpt lat="44.90459" lon="2.90729"><ele>796.31</ele></trkpt>
<trkpt lat="44.90449" lon="2.90741"><ele>797.06</ele></trkpt>
<trkpt lat="44.90423" lon="2.90757"><ele>797.67</ele></trkpt>
<trkpt lat="44.90397" lon="2.9077"><ele>795.7</ele></trkpt>
<trkpt lat="44.90338" lon="2.90818"><ele>790.77</ele></trkpt>
<trkpt lat="44.90329" lon="2.9083"><ele>789.97</ele></trkpt>
<trkpt lat="44.90302" lon="2.90915"><ele>801.42</ele></trkpt>
<trkpt lat="44.90276" lon="2.91015"><ele>806.97</ele></trkpt>
<trkpt lat="44.90268" lon="2.91057"><ele>808.87</ele></trkpt>
<trkpt lat="44.90266" lon="2.91079"><ele>809.74</ele></trkpt>
<trkpt lat="44.90265" lon="2.91131"><ele>815.85</ele></trkpt>
<trkpt lat="44.90263" lon="2.91146"><ele>818.84</ele></trkpt>
<trkpt lat="44.90259" lon="2.91153"><ele>819.71</ele></trkpt>
<trkpt lat="44.90249" lon="2.91159"><ele>818.6</ele></trkpt>
<trkpt lat="44.90242" lon="2.91161"><ele>817.84</ele></trkpt>
<trkpt lat="44.9022" lon="2.91162"><ele>813.75</ele></trkpt>
<trkpt lat="44.90211" lon="2.91165"><ele>813.39</ele></trkpt>
<trkpt lat="44.9017" lon="2.91192"><ele>821.11</ele></trkpt>
<trkpt lat="44.90133" lon="2.91211"><ele>820.96</ele></trkpt>
<trkpt lat="44.90113" lon="2.91227"><ele>819.82</ele></trkpt>
<trkpt lat="44.90104" lon="2.91237"><ele>820.9</ele></trkpt>
<trkpt lat="44.90088" lon="2.91263"><ele>824.29</ele></trkpt>
<trkpt lat="44.90078" lon="2.91285"><ele>825.33</ele></trkpt>
<trkpt lat="44.90072" lon="2.91318"><ele>826.27</ele></trkpt>
<trkpt lat="44.9007" lon="2.91339"><ele>826.88</ele></trkpt>
<trkpt lat="44.90074" lon="2.9137"><ele>832.7</ele></trkpt>
<trkpt lat="44.90087" lon="2.91404"><ele>840.55</ele></trkpt>
<trkpt lat="44.90089" lon="2.91416"><ele>842.1</ele></trkpt>
<trkpt lat="44.90088" lon="2.91428"><ele>842.54</ele></trkpt>
<trkpt lat="44.90082" lon="2.91447"><ele>842.15</ele></trkpt>
<trkpt lat="44.90059" lon="2.91479"><ele>841.72</ele></trkpt>
<trkpt lat="44.89984" lon="2.91572"><ele>846.27</ele></trkpt>
<trkpt lat="44.89955" lon="2.91612"><ele>847.81</ele></trkpt>
<trkpt lat="44.89916" lon="2.91696"><ele>852.14</ele></trkpt>
<trkpt lat="44.89898" lon="2.91752"><ele>851.51</ele></trkpt>
<trkpt lat="44.89899" lon="2.91773"><ele>851.59</ele></trkpt>
<trkpt lat="44.89908" lon="2.91793"><ele>853.85</ele></trkpt>
<trkpt lat="44.89918" lon="2.91806"><ele>856.29</ele></trkpt>
<trkpt lat="44.89989" lon="2.91867"><ele>860.79</ele></trkpt>
<trkpt lat="44.90004" lon="2.91876"><ele>860.62</ele></trkpt>
<trkpt lat="44.90012" lon="2.91878"><ele>861.0</ele></trkpt>
<trkpt lat="44.90019" lon="2.91877"><ele>861.77</ele></trkpt>
<trkpt lat="44.90058" lon="2.91847"><ele>864.15</ele></trkpt>
<trkpt lat="44.90077" lon="2.91836"><ele>862.26</ele></trkpt>
<trkpt lat="44.90197" lon="2.9179"><ele>864.32</ele></trkpt>
<trkpt lat="44.90204" lon="2.91784"><ele>864.73</ele></trkpt>
<trkpt lat="44.90226" lon="2.91741"><ele>867.48</ele></trkpt>
<trkpt lat="44.90254" lon="2.91701"><ele>870.15</ele></trkpt>
<trkpt lat="44.90267" lon="2.9169"><ele>871.4</ele></trkpt>
<trkpt lat="44.90285" lon="2.91685"><ele>872.59</ele></trkpt>
<trkpt lat="44.90315" lon="2.9169"><ele>874.33</ele></trkpt>
<trkpt lat="44.90339" lon="2.91703"><ele>872.9</ele></trkpt>
<trkpt lat="44.90373" lon="2.91735"><ele>868.35</ele></trkpt>
<trkpt lat="44.90391" lon="2.91762"><ele>867.59</ele></trkpt>
<trkpt lat="44.90398" lon="2.9177"><ele>868.46</ele></trkpt>
<trkpt lat="44.90417" lon="2.91781"><ele>870.65</ele></trkpt>
<trkpt lat="44.90431" lon="2.91782"><ele>873.65</ele></trkpt>
<trkpt lat="44.90456" lon="2.91774"><ele>881.36</ele></trkpt>
<trkpt lat="44.9048" lon="2.91765"><ele>886.94</ele></trkpt>
<trkpt lat="44.90494" lon="2.91753"><ele>889.25</ele></trkpt>
<trkpt lat="44.90511" lon="2.91752"><ele>890.55</ele></trkpt>
<trkpt lat="44.90538" lon="2.91763"><ele>889.79</ele></trkpt>
<trkpt lat="44.90551" lon="2.91764"><ele>888.75</ele></trkpt>
<trkpt lat="44.90567" lon="2.91755"><ele>886.28</ele></trkpt>
<trkpt lat="44.90581" lon="2.91738"><ele>884.64</ele></trkpt>
<trkpt lat="44.90591" lon="2.91717"><ele>883.98</ele></trkpt>
<trkpt lat="44.90594" lon="2.91707"><ele>883.58</ele></trkpt>
<trkpt lat="44.90595" lon="2.91693"><ele>883.61</ele></trkpt>
<trkpt lat="44.90594" lon="2.9164"><ele>883.84</ele></trkpt>
<trkpt lat="44.90598" lon="2.91618"><ele>884.49</ele></trkpt>
<trkpt lat="44.90602" lon="2.91609"><ele>884.83</ele></trkpt>
<trkpt lat="44.90615" lon="2.91594"><ele>886.4</ele></trkpt>
<trkpt lat="44.90632" lon="2.91587"><ele>887.49</ele></trkpt>
<trkpt lat="44.90666" lon="2.91587"><ele>886.88</ele></trkpt>
<trkpt lat="44.90673" lon="2.91585"><ele>886.92</ele></trkpt>
<trkpt lat="44.90682" lon="2.91582"><ele>887.07</ele></trkpt>
<trkpt lat="44.90705" lon="2.91569"><ele>888.44</ele></trkpt>
<trkpt lat="44.90726" lon="2.91561"><ele>890.16</ele></trkpt>
<trkpt lat="44.90783" lon="2.91557"><ele>891.74</ele></trkpt>
<trkpt lat="44.90808" lon="2.91565"><ele>892.05</ele></trkpt>
<trkpt lat="44.90846" lon="2.9159"><ele>893.42</ele></trkpt>
<trkpt lat="44.90859" lon="2.91603"><ele>892.86</ele></trkpt>
<trkpt lat="44.90867" lon="2.91616"><ele>892.44</ele></trkpt>
<trkpt lat="44.9089" lon="2.91665"><ele>890.55</ele></trkpt>
<trkpt lat="44.90909" lon="2.91692"><ele>892.89</ele></trkpt>
<trkpt lat="44.90925" lon="2.9171"><ele>895.05</ele></trkpt>
<trkpt lat="44.90976" lon="2.91756"><ele>899.25</ele></trkpt>
<trkpt lat="44.91007" lon="2.91797"><ele>897.19</ele></trkpt>
<trkpt lat="44.91014" lon="2.91811"><ele>897.21</ele></trkpt>
<trkpt lat="44.91022" lon="2.91833"><ele>897.08</ele></trkpt>
<trkpt lat="44.91034" lon="2.91876"><ele>896.45</ele></trkpt>
<trkpt lat="44.91041" lon="2.91903"><ele>896.17</ele></trkpt>
<trkpt lat="44.91043" lon="2.91932"><ele>897.49</ele></trkpt>
<trkpt lat="44.91038" lon="2.91982"><ele>901.33</ele></trkpt>
<trkpt lat="44.91042" lon="2.92008"><ele>903.45</ele></trkpt>
<trkpt lat="44.91047" lon="2.9202"><ele>903.93</ele></trkpt>
<trkpt lat="44.91055" lon="2.92031"><ele>904.46</ele></trkpt>
<trkpt lat="44.91068" lon="2.92042"><ele>905.78</ele></trkpt>
<trkpt lat="44.9112" lon="2.92069"><ele>908.52</ele></trkpt>
<trkpt lat="44.91138" lon="2.92081"><ele>909.93</ele></trkpt>
<trkpt lat="44.91295" lon="2.9223"><ele>916.06</ele></trkpt>
<trkpt lat="44.91317" lon="2.92255"><ele>914.9</ele></trkpt>
<trkpt lat="44.91326" lon="2.9227"><ele>914.44</ele></trkpt>
<trkpt lat="44.91422" lon="2.92464"><ele>919.7</ele></trkpt>
<trkpt lat="44.91431" lon="2.92493"><ele>920.6</ele></trkpt>
<trkpt lat="44.91432" lon="2.92515"><ele>920.8</ele></trkpt>
<trkpt lat="44.91431" lon="2.92525"><ele>920.57</ele></trkpt>
<trkpt lat="44.91412" lon="2.9257"><ele>920.1</ele></trkpt>
<trkpt lat="44.91343" lon="2.92716"><ele>915.32</ele></trkpt>
<trkpt lat="44.91336" lon="2.92747"><ele>914.39</ele></trkpt>
<trkpt lat="44.91333" lon="2.92778"><ele>912.99</ele></trkpt>
<trkpt lat="44.91334" lon="2.92798"><ele>912.34</ele></trkpt>
<trkpt lat="44.91337" lon="2.92818"><ele>912.22</ele></trkpt>
<trkpt lat="44.91359" lon="2.9291"><ele>911.92</ele></trkpt>
<trkpt lat="44.91368" lon="2.92934"><ele>912.11</ele></trkpt>
<trkpt lat="44.91386" lon="2.92968"><ele>911.2</ele></trkpt>
<trkpt lat="44.91398" lon="2.92982"><ele>911.15</ele></trkpt>
<trkpt lat="44.91452" lon="2.93037"><ele>908.19</ele></trkpt>
<trkpt lat="44.91473" lon="2.93059"><ele>907.38</ele></trkpt>
<trkpt lat="44.91519" lon="2.93101"><ele>907.37</ele></trkpt>
<trkpt lat="44.91572" lon="2.93139"><ele>906.16</ele></trkpt>
<trkpt lat="44.91645" lon="2.93186"><ele>904.81</ele></trkpt>
<trkpt lat="44.91726" lon="2.93241"><ele>906.34</ele></trkpt>
<trkpt lat="44.91763" lon="2.93275"><ele>909.39</ele></trkpt>
<trkpt lat="44.91855" lon="2.9337"><ele>915.0</ele></trkpt>
<trkpt lat="44.91912" lon="2.9343"><ele>921.61</ele></trkpt>
<trkpt lat="44.9192" lon="2.93445"><ele>923.14</ele></trkpt>
<trkpt lat="44.91927" lon="2.9346"><ele>922.94</ele></trkpt>
<trkpt lat="44.91942" lon="2.93479"><ele>921.79</ele></trkpt>
<trkpt lat="44.91955" lon="2.93488"><ele>921.57</ele></trkpt>
<trkpt lat="44.9198" lon="2.93487"><ele>921.72</ele></trkpt>
<trkpt lat="44.91993" lon="2.93482"><ele>921.93</ele></trkpt>
<trkpt lat="44.92023" lon="2.93448"><ele>923.85</ele></trkpt>
<trkpt lat="44.92032" lon="2.93454"><ele>922.78</ele></trkpt>
<trkpt lat="44.92042" lon="2.93456"><ele>921.59</ele></trkpt>
<trkpt lat="44.9206" lon="2.93453"><ele>920.63</ele></trkpt>
<trkpt lat="44.92105" lon="2.93449"><ele>921.45</ele></trkpt>
<trkpt lat="44.92155" lon="2.93448"><ele>921.31</ele></trkpt>
<trkpt lat="44.92176" lon="2.93449"><ele>920.85</ele></trkpt>
<trkpt lat="44.92201" lon="2.93459"><ele>918.82</ele></trkpt>
<trkpt lat="44.92282" lon="2.93517"><ele>911.41</ele></trkpt>
<trkpt lat="44.92298" lon="2.93526"><ele>911.64</ele></trkpt>
<trkpt lat="44.92454" lon="2.9354"><ele>901.18</ele></trkpt>
<trkpt lat="44.92566" lon="2.93547"><ele>898.25</ele></trkpt>
<trkpt lat="44.9265" lon="2.93549"><ele>896.22</ele></trkpt>
<trkpt lat="44.92673" lon="2.93553"><ele>894.3</ele></trkpt>
<trkpt lat="44.92682" lon="2.93562"><ele>893.89</ele></trkpt>
<trkpt lat="44.92685" lon="2.93567"><ele>893.86</ele></trkpt>
<trkpt lat="44.92689" lon="2.93588"><ele>894.1</ele></trkpt>
<trkpt lat="44.92687" lon="2.93602"><ele>894.74</ele></trkpt>
<trkpt lat="44.92616" lon="2.93735"><ele>893.65</ele></trkpt>
<trkpt lat="44.92603" lon="2.9377"><ele>894.51</ele></trkpt>
<trkpt lat="44.92576" lon="2.93856"><ele>893.53</ele></trkpt>
<trkpt lat="44.92555" lon="2.93955"><ele>897.36</ele></trkpt>
<trkpt lat="44.92534" lon="2.94022"><ele>896.01</ele></trkpt>
<trkpt lat="44.92501" lon="2.94105"><ele>895.72</ele></trkpt>
<trkpt lat="44.92498" lon="2.94116"><ele>896.35</ele></trkpt>
<trkpt lat="44.92496" lon="2.94133"><ele>897.55</ele></trkpt>
<trkpt lat="44.92497" lon="2.94149"><ele>897.18</ele></trkpt>
<trkpt lat="44.92505" lon="2.94166"><ele>897.72</ele></trkpt>
<trkpt lat="44.92512" lon="2.94175"><ele>898.98</ele></trkpt>
<trkpt lat="44.92559" lon="2.94214"><ele>902.15</ele></trkpt>
<trkpt lat="44.92574" lon="2.9423"><ele>901.7</ele></trkpt>
<trkpt lat="44.9259" lon="2.94256"><ele>902.95</ele></trkpt>
<trkpt lat="44.92593" lon="2.9427"><ele>903.62</ele></trkpt>
<trkpt lat="44.92595" lon="2.94281"><ele>903.94</ele></trkpt>
<trkpt lat="44.92595" lon="2.94292"><ele>903.9</ele></trkpt>
<trkpt lat="44.92593" lon="2.94303"><ele>903.52</ele></trkpt>
<trkpt lat="44.9259" lon="2.94311"><ele>903.47</ele></trkpt>
<trkpt lat="44.92585" lon="2.94319"><ele>903.78</ele></trkpt>
<trkpt lat="44.92578" lon="2.94324"><ele>903.9</ele></trkpt>
<trkpt lat="44.92549" lon="2.94337"><ele>903.78</ele></trkpt>
<trkpt lat="44.92533" lon="2.94349"><ele>905.16</ele></trkpt>
<trkpt lat="44.9252" lon="2.94371"><ele>905.04</ele></trkpt>
<trkpt lat="44.92516" lon="2.94384"><ele>904.49</ele></trkpt>
<trkpt lat="44.92514" lon="2.94398"><ele>903.79</ele></trkpt>
<trkpt lat="44.92514" lon="2.94409"><ele>903.44</ele></trkpt>
<trkpt lat="44.92519" lon="2.9444"><ele>903.53</ele></trkpt>
<trkpt lat="44.92547" lon="2.94517"><ele>899.72</ele></trkpt>
<trkpt lat="44.92573" lon="2.94561"><ele>900.71</ele></trkpt>
<trkpt lat="44.92576" lon="2.94571"><ele>900.41</ele></trkpt>
<trkpt lat="44.92581" lon="2.94614"><ele>895.41</ele></trkpt>
<trkpt lat="44.92585" lon="2.94628"><ele>895.67</ele></trkpt>
<trkpt lat="44.92617" lon="2.94683"><ele>898.19</ele></trkpt>
<trkpt lat="44.92632" lon="2.94698"><ele>898.17</ele></trkpt>
<trkpt lat="44.92639" lon="2.94702"><ele>899.0</ele></trkpt>
<trkpt lat="44.92675" lon="2.94711"><ele>902.93</ele></trkpt>
<trkpt lat="44.92701" lon="2.94725"><ele>901.95</ele></trkpt>
<trkpt lat="44.9271" lon="2.94734"><ele>901.28</ele></trkpt>
<trkpt lat="44.92764" lon="2.94811"><ele>893.92</ele></trkpt>
<trkpt lat="44.92775" lon="2.9482"><ele>893.59</ele></trkpt>
<trkpt lat="44.92786" lon="2.94825"><ele>894.0</ele></trkpt>
<trkpt lat="44.92848" lon="2.9484"><ele>902.37</ele></trkpt>
<trkpt lat="44.92876" lon="2.94863"><ele>898.52</ele></trkpt>
<trkpt lat="44.92892" lon="2.94869"><ele>896.72</ele></trkpt>
<trkpt lat="44.92905" lon="2.94866"><ele>897.03</ele></trkpt>
<trkpt lat="44.92937" lon="2.94839"><ele>903.03</ele></trkpt>
<trkpt lat="44.92946" lon="2.94836"><ele>902.71</ele></trkpt>
<trkpt lat="44.92954" lon="2.94837"><ele>902.22</ele></trkpt>
<trkpt lat="44.92969" lon="2.94844"><ele>899.17</ele></trkpt>
<trkpt lat="44.92976" lon="2.94861"><ele>893.19</ele></trkpt>
<trkpt lat="44.92981" lon="2.94884"><ele>888.18</ele></trkpt>
<trkpt lat="44.92986" lon="2.94891"><ele>887.47</ele></trkpt>
<trkpt lat="44.92993" lon="2.94895"><ele>887.47</ele></trkpt>
<trkpt lat="44.93003" lon="2.94896"><ele>888.21</ele></trkpt>
<trkpt lat="44.93015" lon="2.94894"><ele>889.72</ele></trkpt>
<trkpt lat="44.93061" lon="2.94878"><ele>893.6</ele></trkpt>
<trkpt lat="44.93082" lon="2.94869"><ele>894.8</ele></trkpt>
<trkpt lat="44.93089" lon="2.94864"><ele>894.84</ele></trkpt>
<trkpt lat="44.93094" lon="2.94855"><ele>894.94</ele></trkpt>
<trkpt lat="44.93098" lon="2.94842"><ele>894.69</ele></trkpt>
<trkpt lat="44.93106" lon="2.94765"><ele>894.42</ele></trkpt>
<trkpt lat="44.93118" lon="2.94708"><ele>893.97</ele></trkpt>
<trkpt lat="44.93124" lon="2.94694"><ele>893.11</ele></trkpt>
<trkpt lat="44.93132" lon="2.94683"><ele>893.28</ele></trkpt>
<trkpt lat="44.93141" lon="2.94677"><ele>892.61</ele></trkpt>
<trkpt lat="44.93172" lon="2.94664"><ele>890.14</ele></trkpt>
<trkpt lat="44.93183" lon="2.94657"><ele>889.12</ele></trkpt>
<trkpt lat="44.93196" lon="2.94645"><ele>887.9</ele></trkpt>
<trkpt lat="44.9321" lon="2.94629"><ele>886.59</ele></trkpt>
<trkpt lat="44.93219" lon="2.94615"><ele>885.64</ele></trkpt>
<trkpt lat="44.93223" lon="2.94601"><ele>886.52</ele></trkpt>
<trkpt lat="44.93227" lon="2.94568"><ele>892.17</ele></trkpt>
<trkpt lat="44.93232" lon="2.94556"><ele>894.16</ele></trkpt>
<trkpt lat="44.93239" lon="2.94547"><ele>895.34</ele></trkpt>
<trkpt lat="44.93247" lon="2.94541"><ele>895.91</ele></trkpt>
<trkpt lat="44.93261" lon="2.94536"><ele>896.27</ele></trkpt>
<trkpt lat="44.93295" lon="2.94544"><ele>890.19</ele></trkpt>
<trkpt lat="44.93306" lon="2.94542"><ele>889.01</ele></trkpt>
<trkpt lat="44.93314" lon="2.94537"><ele>889.27</ele></trkpt>
<trkpt lat="44.93338" lon="2.94505"><ele>896.23</ele></trkpt>
<trkpt lat="44.93345" lon="2.945"><ele>897.84</ele></trkpt>
<trkpt lat="44.93362" lon="2.94496"><ele>898.62</ele></trkpt>
<trkpt lat="44.93374" lon="2.94499"><ele>897.74</ele></trkpt>
<trkpt lat="44.93383" lon="2.94504"><ele>895.98</ele></trkpt>
<trkpt lat="44.93391" lon="2.94513"><ele>893.46</ele></trkpt>
<trkpt lat="44.93399" lon="2.94525"><ele>890.39</ele></trkpt>
<trkpt lat="44.9342" lon="2.9457"><ele>884.2</ele></trkpt>
<trkpt lat="44.93428" lon="2.94583"><ele>884.35</ele></trkpt>
<trkpt lat="44.93437" lon="2.94593"><ele>884.82</ele></trkpt>
<trkpt lat="44.93455" lon="2.94603"><ele>885.85</ele></trkpt>
<trkpt lat="44.93461" lon="2.94603"><ele>886.42</ele></trkpt>
<trkpt lat="44.93471" lon="2.946"><ele>888.11</ele></trkpt>
<trkpt lat="44.93479" lon="2.94595"><ele>888.38</ele></trkpt>
<trkpt lat="44.93486" lon="2.94586"><ele>888.8</ele></trkpt>
<trkpt lat="44.93507" lon="2.94543"><ele>891.33</ele></trkpt>
<trkpt lat="44.93524" lon="2.94515"><ele>892.39</ele></trkpt>
<trkpt lat="44.93531" lon="2.94509"><ele>892.37</ele></trkpt>
<trkpt lat="44.93538" lon="2.94507"><ele>891.46</ele></trkpt>
<trkpt lat="44.93545" lon="2.94508"><ele>889.46</ele></trkpt>
<trkpt lat="44.93552" lon="2.94512"><ele>886.92</ele></trkpt>
<trkpt lat="44.93558" lon="2.9452"><ele>884.49</ele></trkpt>
<trkpt lat="44.93561" lon="2.94529"><ele>882.9</ele></trkpt>
<trkpt lat="44.93564" lon="2.94552"><ele>882.07</ele></trkpt>
<trkpt lat="44.93562" lon="2.94568"><ele>882.67</ele></trkpt>
<trkpt lat="44.93558" lon="2.94582"><ele>883.28</ele></trkpt>
<trkpt lat="44.93542" lon="2.94633"><ele>882.82</ele></trkpt>
<trkpt lat="44.93539" lon="2.94664"><ele>879.12</ele></trkpt>
<trkpt lat="44.9354" lon="2.94677"><ele>877.66</ele></trkpt>
<trkpt lat="44.93548" lon="2.94704"><ele>876.96</ele></trkpt>
<trkpt lat="44.93556" lon="2.94721"><ele>878.3</ele></trkpt>
<trkpt lat="44.93564" lon="2.94729"><ele>878.94</ele></trkpt>
<trkpt lat="44.93561" lon="2.94737"><ele>877.78</ele></trkpt>
<trkpt lat="44.93562" lon="2.94743"><ele>877.48</ele></trkpt>
<trkpt lat="44.93566" lon="2.94751"><ele>877.29</ele></trkpt>
<trkpt lat="44.93599" lon="2.9479"><ele>874.53</ele></trkpt>
<trkpt lat="44.93618" lon="2.94837"><ele>866.21</ele></trkpt>
<trkpt lat="44.93643" lon="2.94909"><ele>856.59</ele></trkpt>
<trkpt lat="44.93653" lon="2.94924"><ele>856.63</ele></trkpt>
<trkpt lat="44.93689" lon="2.94954"><ele>858.26</ele></trkpt>
<trkpt lat="44.93704" lon="2.94961"><ele>857.04</ele></trkpt>
<trkpt lat="44.93723" lon="2.94961"><ele>856.54</ele></trkpt>
<trkpt lat="44.93762" lon="2.94968"><ele>854.56</ele></trkpt>
<trkpt lat="44.93774" lon="2.94983"><ele>849.82</ele></trkpt>
<trkpt lat="44.93774" lon="2.95017"><ele>840.91</ele></trkpt>
<trkpt lat="44.93772" lon="2.95045"><ele>840.19</ele></trkpt>
<trkpt lat="44.93776" lon="2.9505"><ele>840.59</ele></trkpt>
<trkpt lat="44.93792" lon="2.95053"><ele>841.31</ele></trkpt>
<trkpt lat="44.93794" lon="2.95059"><ele>842.51</ele></trkpt>
<trkpt lat="44.93774" lon="2.95068"><ele>844.73</ele></trkpt>
<trkpt lat="44.93727" lon="2.95103"><ele>852.78</ele></trkpt>
<trkpt lat="44.93673" lon="2.9513"><ele>862.27</ele></trkpt>
<trkpt lat="44.93652" lon="2.95134"><ele>866.64</ele></trkpt>
<trkpt lat="44.93607" lon="2.95139"><ele>879.34</ele></trkpt>
<trkpt lat="44.93585" lon="2.95135"><ele>883.78</ele></trkpt>
<trkpt lat="44.93584" lon="2.9514"><ele>886.06</ele></trkpt>
<trkpt lat="44.93604" lon="2.9515"><ele>884.31</ele></trkpt>
<trkpt lat="44.9364" lon="2.95175"><ele>887.37</ele></trkpt>
<trkpt lat="44.93657" lon="2.95182"><ele>887.87</ele></trkpt>
<trkpt lat="44.93676" lon="2.95192"><ele>890.22</ele></trkpt>
<trkpt lat="44.93705" lon="2.95234"><ele>899.83</ele></trkpt>
<trkpt lat="44.9372" lon="2.95274"><ele>904.74</ele></trkpt>
<trkpt lat="44.93735" lon="2.95348"><ele>916.44</ele></trkpt>
<trkpt lat="44.93765" lon="2.95469"><ele>926.8</ele></trkpt>
<trkpt lat="44.93769" lon="2.95504"><ele>927.76</ele></trkpt>
<trkpt lat="44.93762" lon="2.95529"><ele>929.06</ele></trkpt>
<trkpt lat="44.93738" lon="2.95587"><ele>930.92</ele></trkpt>
<trkpt lat="44.93718" lon="2.95652"><ele>934.36</ele></trkpt>
<trkpt lat="44.9375" lon="2.95675"><ele>934.98</ele></trkpt>
<trkpt lat="44.93818" lon="2.95719"><ele>937.65</ele></trkpt>
<trkpt lat="44.93861" lon="2.9575"><ele>938.01</ele></trkpt>
<trkpt lat="44.93874" lon="2.95768"><ele>938.59</ele></trkpt>
<trkpt lat="44.93883" lon="2.95787"><ele>939.57</ele></trkpt>
<trkpt lat="44.93905" lon="2.95871"><ele>945.51</ele></trkpt>
<trkpt lat="44.93913" lon="2.95888"><ele>947.32</ele></trkpt>
<trkpt lat="44.93926" lon="2.95903"><ele>948.08</ele></trkpt>
<trkpt lat="44.94019" lon="2.95969"><ele>955.5</ele></trkpt>
<trkpt lat="44.94084" lon="2.95993"><ele>957.46</ele></trkpt>
<trkpt lat="44.94233" lon="2.96028"><ele>958.76</ele></trkpt>
<trkpt lat="44.94259" lon="2.96029"><ele>960.03</ele></trkpt>
<trkpt lat="44.94314" lon="2.96024"><ele>964.12</ele></trkpt>
<trkpt lat="44.94367" lon="2.96015"><ele>965.96</ele></trkpt>
<trkpt lat="44.94404" lon="2.96004"><ele>968.5</ele></trkpt>
<trkpt lat="44.94492" lon="2.95956"><ele>967.97</ele></trkpt>
<trkpt lat="44.94607" lon="2.95914"><ele>974.11</ele></trkpt>
<trkpt lat="44.94628" lon="2.95909"><ele>975.1</ele></trkpt>
<trkpt lat="44.94663" lon="2.95914"><ele>976.75</ele></trkpt>
<trkpt lat="44.94675" lon="2.95919"><ele>977.08</ele></trkpt>
<trkpt lat="44.94679" lon="2.95925"><ele>977.59</ele></trkpt>
<trkpt lat="44.94705" lon="2.95918"><ele>976.19</ele></trkpt>
<trkpt lat="44.94711" lon="2.95913"><ele>975.86</ele></trkpt>
<trkpt lat="44.9472" lon="2.959"><ele>975.36</ele></trkpt>
<trkpt lat="44.94722" lon="2.9589"><ele>975.05</ele></trkpt>
<trkpt lat="44.94722" lon="2.95878"><ele>975.02</ele></trkpt>
<trkpt lat="44.94724" lon="2.95847"><ele>976.04</ele></trkpt>
<trkpt lat="44.94753" lon="2.95841"><ele>977.25</ele></trkpt>
<trkpt lat="44.94854" lon="2.9579"><ele>980.29</ele></trkpt>
<trkpt lat="44.94888" lon="2.95781"><ele>983.74</ele></trkpt>
<trkpt lat="44.9492" lon="2.95777"><ele>983.99</ele></trkpt>
<trkpt lat="44.94948" lon="2.95779"><ele>984.18</ele></trkpt>
<trkpt lat="44.94999" lon="2.95793"><ele>985.67</ele></trkpt>
<trkpt lat="44.95025" lon="2.95806"><ele>983.91</ele></trkpt>
<trkpt lat="44.9506" lon="2.95831"><ele>985.82</ele></trkpt>
<trkpt lat="44.95178" lon="2.95929"><ele>991.17</ele></trkpt>
<trkpt lat="44.95224" lon="2.95968"><ele>992.41</ele></trkpt>
<trkpt lat="44.95247" lon="2.95991"><ele>993.19</ele></trkpt>
<trkpt lat="44.95267" lon="2.96015"><ele>994.0</ele></trkpt>
<trkpt lat="44.95292" lon="2.96059"><ele>994.52</ele></trkpt>
<trkpt lat="44.95312" lon="2.96112"><ele>994.5</ele></trkpt>
<trkpt lat="44.95321" lon="2.96151"><ele>994.62</ele></trkpt>
<trkpt lat="44.95327" lon="2.96206"><ele>996.98</ele></trkpt>
<trkpt lat="44.95335" lon="2.96482"><ele>998.09</ele></trkpt>
<trkpt lat="44.95341" lon="2.96525"><ele>998.3</ele></trkpt>
<trkpt lat="44.95354" lon="2.96564"><ele>999.25</ele></trkpt>
<trkpt lat="44.95375" lon="2.96606"><ele>999.67</ele></trkpt>
<trkpt lat="44.95395" lon="2.96631"><ele>1001.03</ele></trkpt>
<trkpt lat="44.95427" lon="2.96658"><ele>1002.24</ele></trkpt>
<trkpt lat="44.9562" lon="2.96785"><ele>1007.89</ele></trkpt>
<trkpt lat="44.95654" lon="2.968"><ele>1008.75</ele></trkpt>
<trkpt lat="44.95687" lon="2.96806"><ele>1008.96</ele></trkpt>
<trkpt lat="44.95719" lon="2.96806"><ele>1007.16</ele></trkpt>
<trkpt lat="44.9576" lon="2.96795"><ele>1007.37</ele></trkpt>
<trkpt lat="44.9594" lon="2.96714"><ele>1009.58</ele></trkpt>
<trkpt lat="44.95968" lon="2.96706"><ele>1011.36</ele></trkpt>
<trkpt lat="44.95999" lon="2.96707"><ele>1012.51</ele></trkpt>
<trkpt lat="44.96031" lon="2.96718"><ele>1012.27</ele></trkpt>
<trkpt lat="44.96178" lon="2.96792"><ele>1014.84</ele></trkpt>
<trkpt lat="44.96215" lon="2.96817"><ele>1015.36</ele></trkpt>
<trkpt lat="44.96246" lon="2.9685"><ele>1016.81</ele></trkpt>
<trkpt lat="44.96281" lon="2.96895"><ele>1016.97</ele></trkpt>
<trkpt lat="44.96545" lon="2.97247"><ele>1019.91</ele></trkpt>
<trkpt lat="44.96659" lon="2.97397"><ele>1020.0</ele></trkpt>
<trkpt lat="44.967" lon="2.97451"><ele>1021.18</ele></trkpt>
<trkpt lat="44.96752" lon="2.97529"><ele>1022.89</ele></trkpt>
<trkpt lat="44.96809" lon="2.97673"><ele>1022.64</ele></trkpt>
<trkpt lat="44.96861" lon="2.97835"><ele>1024.06</ele></trkpt>
<trkpt lat="44.96876" lon="2.97901"><ele>1022.22</ele></trkpt>
<trkpt lat="44.96893" lon="2.98156"><ele>1021.15</ele></trkpt>
<trkpt lat="44.96898" lon="2.98206"><ele>1019.63</ele></trkpt>
<trkpt lat="44.96911" lon="2.98281"><ele>1020.57</ele></trkpt>
<trkpt lat="44.96928" lon="2.98346"><ele>1023.04</ele></trkpt>
<trkpt lat="44.96952" lon="2.98417"><ele>1021.69</ele></trkpt>
<trkpt lat="44.96973" lon="2.98468"><ele>1019.17</ele></trkpt>
<trkpt lat="44.96998" lon="2.98523"><ele>1019.8</ele></trkpt>
<trkpt lat="44.97037" lon="2.98603"><ele>1020.26</ele></trkpt>
<trkpt lat="44.97133" lon="2.98812"><ele>1013.17</ele></trkpt>
<trkpt lat="44.97149" lon="2.98859"><ele>1013.16</ele></trkpt>
<trkpt lat="44.97187" lon="2.99"><ele>1013.73</ele></trkpt>
<trkpt lat="44.97201" lon="2.99049"><ele>1014.63</ele></trkpt>
<trkpt lat="44.97214" lon="2.99084"><ele>1014.28</ele></trkpt>
<trkpt lat="44.97228" lon="2.99115"><ele>1013.96</ele></trkpt>
<trkpt lat="44.97255" lon="2.99164"><ele>1014.1</ele></trkpt>
<trkpt lat="44.97292" lon="2.99219"><ele>1014.58</ele></trkpt>
<trkpt lat="44.97577" lon="2.99626"><ele>1013.63</ele></trkpt>
<trkpt lat="44.9761" lon="2.99663"><ele>1012.13</ele></trkpt>
<trkpt lat="44.97824" lon="2.99877"><ele>1013.32</ele></trkpt>
<trkpt lat="44.97848" lon="2.99908"><ele>1013.52</ele></trkpt>
<trkpt lat="44.97872" lon="2.99946"><ele>1015.09</ele></trkpt>
<trkpt lat="44.97898" lon="2.99998"><ele>1016.0</ele></trkpt>
<trkpt lat="44.9791" lon="3.00027"><ele>1016.0</ele></trkpt>
<trkpt lat="44.9792" lon="3.00063"><ele>1016.15</ele></trkpt>
<trkpt lat="44.97974" lon="3.0032"><ele>1015.06</ele></trkpt>
<trkpt lat="44.98001" lon="3.00444"><ele>1018.93</ele></trkpt>
<trkpt lat="44.98017" lon="3.00511"><ele>1017.71</ele></trkpt>
<trkpt lat="44.98045" lon="3.00604"><ele>1018.74</ele></trkpt>
<trkpt lat="44.98068" lon="3.00674"><ele>1017.84</ele></trkpt>
<trkpt lat="44.98105" lon="3.00768"><ele>1015.39</ele></trkpt>
<trkpt lat="44.98136" lon="3.00836"><ele>1016.02</ele></trkpt>
<trkpt lat="44.98227" lon="3.01026"><ele>1015.6</ele></trkpt>
<trkpt lat="44.98242" lon="3.01075"><ele>1015.54</ele></trkpt>
<trkpt lat="44.98251" lon="3.01119"><ele>1015.94</ele></trkpt>
<trkpt lat="44.98255" lon="3.01165"><ele>1014.85</ele></trkpt>
<trkpt lat="44.98256" lon="3.0121"><ele>1013.89</ele></trkpt>
<trkpt lat="44.98251" lon="3.01261"><ele>1014.97</ele></trkpt>
<trkpt lat="44.98242" lon="3.01314"><ele>1013.91</ele></trkpt>
<trkpt lat="44.98249" lon="3.01322"><ele>1013.99</ele></trkpt>
<trkpt lat="44.98256" lon="3.01338"><ele>1014.79</ele></trkpt>
<trkpt lat="44.98249" lon="3.01322"><ele>1013.99</ele></trkpt>
<trkpt lat="44.98242" lon="3.01314"><ele>1013.91</ele></trkpt>
<trkpt lat="44.98175" lon="3.01711"><ele>1010.58</ele></trkpt>
<trkpt lat="44.98169" lon="3.01775"><ele>1010.94</ele></trkpt>
<trkpt lat="44.98155" lon="3.0187"><ele>1009.59</ele></trkpt>
<trkpt lat="44.98123" lon="3.02021"><ele>1009.0</ele></trkpt>
<trkpt lat="44.98113" lon="3.02079"><ele>1008.07</ele></trkpt>
<trkpt lat="44.9811" lon="3.02113"><ele>1008.89</ele></trkpt>
<trkpt lat="44.9811" lon="3.02145"><ele>1007.77</ele></trkpt>
<trkpt lat="44.98119" lon="3.02436"><ele>1006.91</ele></trkpt>
<trkpt lat="44.98116" lon="3.02477"><ele>1008.17</ele></trkpt>
<trkpt lat="44.98107" lon="3.02514"><ele>1008.92</ele></trkpt>
<trkpt lat="44.98064" lon="3.026"><ele>1007.38</ele></trkpt>
<trkpt lat="44.98057" lon="3.02616"><ele>1007.0</ele></trkpt>
<trkpt lat="44.98051" lon="3.02637"><ele>1007.27</ele></trkpt>
<trkpt lat="44.98022" lon="3.02823"><ele>1006.29</ele></trkpt>
<trkpt lat="44.97997" lon="3.02922"><ele>1008.0</ele></trkpt>
<trkpt lat="44.9795" lon="3.03068"><ele>1007.54</ele></trkpt>
<trkpt lat="44.97938" lon="3.0309"><ele>1006.73</ele></trkpt>
<trkpt lat="44.97918" lon="3.03117"><ele>1005.98</ele></trkpt>
<trkpt lat="44.97878" lon="3.03161"><ele>1007.0</ele></trkpt>
<trkpt lat="44.97867" lon="3.03176"><ele>1007.07</ele></trkpt>
<trkpt lat="44.97825" lon="3.03248"><ele>1006.0</ele></trkpt>
<trkpt lat="44.97796" lon="3.03303"><ele>1003.05</ele></trkpt>
<trkpt lat="44.97792" lon="3.03327"><ele>1003.79</ele></trkpt>
<trkpt lat="44.97789" lon="3.03372"><ele>1004.56</ele></trkpt>
<trkpt lat="44.97783" lon="3.03406"><ele>1005.26</ele></trkpt>
<trkpt lat="44.97774" lon="3.03427"><ele>1006.0</ele></trkpt>
<trkpt lat="44.9774" lon="3.03489"><ele>1005.27</ele></trkpt>
<trkpt lat="44.97727" lon="3.035"><ele>1005.2</ele></trkpt>
<trkpt lat="44.97655" lon="3.03524"><ele>1006.13</ele></trkpt>
<trkpt lat="44.97639" lon="3.03533"><ele>1006.0</ele></trkpt>
<trkpt lat="44.97591" lon="3.03564"><ele>1004.84</ele></trkpt>
<trkpt lat="44.97545" lon="3.0359"><ele>1004.0</ele></trkpt>
<trkpt lat="44.97473" lon="3.03642"><ele>1004.0</ele></trkpt>
<trkpt lat="44.97458" lon="3.03627"><ele>1004.91</ele></trkpt>
<trkpt lat="44.97378" lon="3.0368"><ele>1007.27</ele></trkpt>
<trkpt lat="44.9734" lon="3.03697"><ele>1008.73</ele></trkpt>
<trkpt lat="44.97308" lon="3.03716"><ele>1010.05</ele></trkpt>
<trkpt lat="44.97272" lon="3.03738"><ele>1012.17</ele></trkpt>
<trkpt lat="44.97252" lon="3.03756"><ele>1012.67</ele></trkpt>
<trkpt lat="44.97134" lon="3.03885"><ele>1014.26</ele></trkpt>
<trkpt lat="44.97117" lon="3.03898"><ele>1015.04</ele></trkpt>
<trkpt lat="44.97105" lon="3.03902"><ele>1015.28</ele></trkpt>
<trkpt lat="44.9709" lon="3.03904"><ele>1014.73</ele></trkpt>
<trkpt lat="44.97038" lon="3.03907"><ele>1011.13</ele></trkpt>
<trkpt lat="44.97001" lon="3.03922"><ele>1011.95</ele></trkpt>
<trkpt lat="44.967" lon="3.04123"><ele>1010.77</ele></trkpt>
<trkpt lat="44.96626" lon="3.04173"><ele>1010.0</ele></trkpt>
<trkpt lat="44.96589" lon="3.04195"><ele>1010.74</ele></trkpt>
<trkpt lat="44.96557" lon="3.04203"><ele>1010.03</ele></trkpt>
<trkpt lat="44.96389" lon="3.0421"><ele>1004.62</ele></trkpt>
<trkpt lat="44.96327" lon="3.0421"><ele>1000.77</ele></trkpt>
<trkpt lat="44.96304" lon="3.04208"><ele>1000.03</ele></trkpt>
<trkpt lat="44.96206" lon="3.04181"><ele>998.17</ele></trkpt>
<trkpt lat="44.96177" lon="3.04176"><ele>997.34</ele></trkpt>
<trkpt lat="44.96122" lon="3.04177"><ele>994.36</ele></trkpt>
<trkpt lat="44.96047" lon="3.04173"><ele>989.09</ele></trkpt>
<trkpt lat="44.96009" lon="3.04168"><ele>989.15</ele></trkpt>
<trkpt lat="44.95949" lon="3.04156"><ele>986.08</ele></trkpt>
<trkpt lat="44.95861" lon="3.04133"><ele>981.3</ele></trkpt>
<trkpt lat="44.95851" lon="3.04135"><ele>980.25</ele></trkpt>
<trkpt lat="44.95832" lon="3.04145"><ele>978.11</ele></trkpt>
<trkpt lat="44.95767" lon="3.04192"><ele>976.52</ele></trkpt>
<trkpt lat="44.9575" lon="3.04204"><ele>976.01</ele></trkpt>
<trkpt lat="44.95732" lon="3.04223"><ele>974.1</ele></trkpt>
<trkpt lat="44.95716" lon="3.04248"><ele>971.67</ele></trkpt>
<trkpt lat="44.95653" lon="3.04378"><ele>966.67</ele></trkpt>
<trkpt lat="44.95624" lon="3.04417"><ele>960.84</ele></trkpt>
<trkpt lat="44.95522" lon="3.04525"><ele>948.98</ele></trkpt>
<trkpt lat="44.95476" lon="3.04566"><ele>946.01</ele></trkpt>
<trkpt lat="44.95369" lon="3.04672"><ele>938.91</ele></trkpt>
<trkpt lat="44.95356" lon="3.04688"><ele>939.52</ele></trkpt>
<trkpt lat="44.95328" lon="3.04738"><ele>937.25</ele></trkpt>
<trkpt lat="44.95321" lon="3.04757"><ele>935.59</ele></trkpt>
<trkpt lat="44.95311" lon="3.0477"><ele>934.6</ele></trkpt>
<trkpt lat="44.95296" lon="3.04779"><ele>933.26</ele></trkpt>
<trkpt lat="44.9528" lon="3.04783"><ele>932.13</ele></trkpt>
<trkpt lat="44.95263" lon="3.0478"><ele>929.32</ele></trkpt>
<trkpt lat="44.9525" lon="3.04773"><ele>928.04</ele></trkpt>
<trkpt lat="44.95237" lon="3.04755"><ele>927.12</ele></trkpt>
<trkpt lat="44.95223" lon="3.04724"><ele>926.06</ele></trkpt>
<trkpt lat="44.95214" lon="3.04691"><ele>924.96</ele></trkpt>
<trkpt lat="44.95209" lon="3.04658"><ele>923.53</ele></trkpt>
<trkpt lat="44.95206" lon="3.04621"><ele>921.67</ele></trkpt>
<trkpt lat="44.95207" lon="3.04569"><ele>914.55</ele></trkpt>
<trkpt lat="44.95214" lon="3.0455"><ele>911.61</ele></trkpt>
<trkpt lat="44.95226" lon="3.04535"><ele>910.25</ele></trkpt>
<trkpt lat="44.95242" lon="3.04532"><ele>912.11</ele></trkpt>
<trkpt lat="44.95261" lon="3.04524"><ele>913.95</ele></trkpt>
<trkpt lat="44.95277" lon="3.04507"><ele>914.36</ele></trkpt>
<trkpt lat="44.95289" lon="3.04489"><ele>914.59</ele></trkpt>
<trkpt lat="44.95298" lon="3.04468"><ele>912.92</ele></trkpt>
<trkpt lat="44.95305" lon="3.04437"><ele>909.14</ele></trkpt>
<trkpt lat="44.95308" lon="3.04411"><ele>908.27</ele></trkpt>
<trkpt lat="44.95309" lon="3.04274"><ele>905.6</ele></trkpt>
<trkpt lat="44.95308" lon="3.04246"><ele>905.08</ele></trkpt>
<trkpt lat="44.95305" lon="3.04232"><ele>903.98</ele></trkpt>
<trkpt lat="44.95298" lon="3.04225"><ele>903.94</ele></trkpt>
<trkpt lat="44.95282" lon="3.04225"><ele>903.82</ele></trkpt>
<trkpt lat="44.9527" lon="3.04236"><ele>904.68</ele></trkpt>
<trkpt lat="44.95264" lon="3.04248"><ele>906.41</ele></trkpt>
<trkpt lat="44.9526" lon="3.0429"><ele>906.43</ele></trkpt>
<trkpt lat="44.9525" lon="3.04327"><ele>905.6</ele></trkpt>
<trkpt lat="44.95235" lon="3.04359"><ele>905.47</ele></trkpt>
<trkpt lat="44.95221" lon="3.04373"><ele>905.04</ele></trkpt>
<trkpt lat="44.95131" lon="3.04375"><ele>916.99</ele></trkpt>
<trkpt lat="44.95118" lon="3.04381"><ele>917.03</ele></trkpt>
<trkpt lat="44.95069" lon="3.04426"><ele>915.05</ele></trkpt>
<trkpt lat="44.95059" lon="3.04431"><ele>915.52</ele></trkpt>
<trkpt lat="44.95051" lon="3.04431"><ele>916.5</ele></trkpt>
<trkpt lat="44.95004" lon="3.04407"><ele>923.85</ele></trkpt>
<trkpt lat="44.94953" lon="3.04377"><ele>932.37</ele></trkpt>
<trkpt lat="44.94919" lon="3.04366"><ele>935.68</ele></trkpt>
<trkpt lat="44.94883" lon="3.04363"><ele>936.74</ele></trkpt>
<trkpt lat="44.94835" lon="3.04368"><ele>937.62</ele></trkpt>
<trkpt lat="44.94777" lon="3.04353"><ele>941.62</ele></trkpt>
<trkpt lat="44.94751" lon="3.04352"><ele>944.33</ele></trkpt>
<trkpt lat="44.94671" lon="3.04357"><ele>954.72</ele></trkpt>
<trkpt lat="44.94658" lon="3.04361"><ele>955.23</ele></trkpt>
<trkpt lat="44.94649" lon="3.04366"><ele>954.79</ele></trkpt>
<trkpt lat="44.94635" lon="3.0438"><ele>953.34</ele></trkpt>
<trkpt lat="44.94603" lon="3.0442"><ele>954.1</ele></trkpt>
<trkpt lat="44.94542" lon="3.04472"><ele>963.36</ele></trkpt>
<trkpt lat="44.94523" lon="3.04483"><ele>964.26</ele></trkpt>
<trkpt lat="44.94508" lon="3.04488"><ele>965.3</ele></trkpt>
<trkpt lat="44.94488" lon="3.0449"><ele>966.92</ele></trkpt>
<trkpt lat="44.94466" lon="3.0449"><ele>968.94</ele></trkpt>
<trkpt lat="44.94442" lon="3.04495"><ele>969.14</ele></trkpt>
<trkpt lat="44.94397" lon="3.0451"><ele>966.26</ele></trkpt>
<trkpt lat="44.94377" lon="3.04519"><ele>965.59</ele></trkpt>
<trkpt lat="44.9436" lon="3.04533"><ele>965.86</ele></trkpt>
<trkpt lat="44.94345" lon="3.04551"><ele>967.34</ele></trkpt>
<trkpt lat="44.94325" lon="3.04584"><ele>966.51</ele></trkpt>
<trkpt lat="44.94286" lon="3.04659"><ele>962.76</ele></trkpt>
<trkpt lat="44.94255" lon="3.04713"><ele>959.52</ele></trkpt>
<trkpt lat="44.94228" lon="3.04735"><ele>959.05</ele></trkpt>
<trkpt lat="44.94199" lon="3.04752"><ele>958.34</ele></trkpt>
<trkpt lat="44.94169" lon="3.04766"><ele>959.02</ele></trkpt>
<trkpt lat="44.94101" lon="3.04772"><ele>964.47</ele></trkpt>
<trkpt lat="44.94053" lon="3.04772"><ele>966.34</ele></trkpt>
<trkpt lat="44.94038" lon="3.04771"><ele>967.42</ele></trkpt>
<trkpt lat="44.94022" lon="3.04767"><ele>968.23</ele></trkpt>
<trkpt lat="44.93956" lon="3.04735"><ele>970.63</ele></trkpt>
<trkpt lat="44.939" lon="3.04689"><ele>975.14</ele></trkpt>
<trkpt lat="44.93862" lon="3.04665"><ele>980.42</ele></trkpt>
<trkpt lat="44.93839" lon="3.04656"><ele>985.05</ele></trkpt>
<trkpt lat="44.93808" lon="3.04654"><ele>987.0</ele></trkpt>
<trkpt lat="44.93775" lon="3.04658"><ele>988.95</ele></trkpt>
<trkpt lat="44.93719" lon="3.04682"><ele>988.75</ele></trkpt>
<trkpt lat="44.93674" lon="3.04712"><ele>990.99</ele></trkpt>
<trkpt lat="44.93632" lon="3.04747"><ele>992.21</ele></trkpt>
<trkpt lat="44.93595" lon="3.04773"><ele>994.03</ele></trkpt>
<trkpt lat="44.93573" lon="3.04779"><ele>995.19</ele></trkpt>
<trkpt lat="44.93558" lon="3.04778"><ele>995.81</ele></trkpt>
<trkpt lat="44.93547" lon="3.04769"><ele>995.61</ele></trkpt>
<trkpt lat="44.93539" lon="3.04757"><ele>995.28</ele></trkpt>
<trkpt lat="44.93535" lon="3.04742"><ele>995.39</ele></trkpt>
<trkpt lat="44.93534" lon="3.04715"><ele>996.18</ele></trkpt>
<trkpt lat="44.93535" lon="3.04685"><ele>995.93</ele></trkpt>
<trkpt lat="44.93544" lon="3.04631"><ele>992.66</ele></trkpt>
<trkpt lat="44.93593" lon="3.04379"><ele>974.41</ele></trkpt>
<trkpt lat="44.93598" lon="3.04339"><ele>972.42</ele></trkpt>
<trkpt lat="44.93595" lon="3.04315"><ele>971.33</ele></trkpt>
<trkpt lat="44.93587" lon="3.04293"><ele>971.0</ele></trkpt>
<trkpt lat="44.93581" lon="3.0427"><ele>970.63</ele></trkpt>
<trkpt lat="44.93579" lon="3.04259"><ele>970.13</ele></trkpt>
<trkpt lat="44.93579" lon="3.0425"><ele>969.86</ele></trkpt>
<trkpt lat="44.9356" lon="3.04234"><ele>968.54</ele></trkpt>
<trkpt lat="44.93562" lon="3.04206"><ele>967.44</ele></trkpt>
<trkpt lat="44.93565" lon="3.04193"><ele>966.93</ele></trkpt>
<trkpt lat="44.93569" lon="3.04182"><ele>966.35</ele></trkpt>
<trkpt lat="44.93579" lon="3.04167"><ele>965.21</ele></trkpt>
<trkpt lat="44.93609" lon="3.0412"><ele>959.89</ele></trkpt>
<trkpt lat="44.93618" lon="3.04109"><ele>958.45</ele></trkpt>
<trkpt lat="44.93627" lon="3.041"><ele>957.63</ele></trkpt>
<trkpt lat="44.93637" lon="3.04093"><ele>957.05</ele></trkpt>
<trkpt lat="44.93688" lon="3.04076"><ele>955.54</ele></trkpt>
<trkpt lat="44.93694" lon="3.04071"><ele>955.13</ele></trkpt>
<trkpt lat="44.93702" lon="3.04057"><ele>954.75</ele></trkpt>
<trkpt lat="44.93711" lon="3.04002"><ele>949.83</ele></trkpt>
<trkpt lat="44.93722" lon="3.03961"><ele>947.61</ele></trkpt>
<trkpt lat="44.93753" lon="3.03881"><ele>943.51</ele></trkpt>
<trkpt lat="44.93759" lon="3.03849"><ele>941.38</ele></trkpt>
<trkpt lat="44.9376" lon="3.03835"><ele>941.04</ele></trkpt>
<trkpt lat="44.93759" lon="3.03779"><ele>941.05</ele></trkpt>
<trkpt lat="44.93753" lon="3.03671"><ele>940.48</ele></trkpt>
<trkpt lat="44.93749" lon="3.03646"><ele>940.41</ele></trkpt>
<trkpt lat="44.93723" lon="3.03538"><ele>937.84</ele></trkpt>
<trkpt lat="44.93719" lon="3.03499"><ele>937.8</ele></trkpt>
<trkpt lat="44.93732" lon="3.03358"><ele>936.79</ele></trkpt>
<trkpt lat="44.93735" lon="3.03342"><ele>937.17</ele></trkpt>
<trkpt lat="44.93741" lon="3.03322"><ele>937.96</ele></trkpt>
<trkpt lat="44.93772" lon="3.03251"><ele>942.2</ele></trkpt>
<trkpt lat="44.93808" lon="3.03095"><ele>940.51</ele></trkpt>
<trkpt lat="44.93811" lon="3.03065"><ele>941.03</ele></trkpt>
<trkpt lat="44.93811" lon="3.03036"><ele>942.48</ele></trkpt>
<trkpt lat="44.9381" lon="3.03024"><ele>942.84</ele></trkpt>
<trkpt lat="44.93801" lon="3.02989"><ele>941.03</ele></trkpt>
<trkpt lat="44.93795" lon="3.02935"><ele>942.21</ele></trkpt>
<trkpt lat="44.93785" lon="3.029"><ele>943.26</ele></trkpt>
<trkpt lat="44.93779" lon="3.02887"><ele>943.48</ele></trkpt>
<trkpt lat="44.93773" lon="3.02879"><ele>943.24</ele></trkpt>
<trkpt lat="44.9376" lon="3.02866"><ele>942.32</ele></trkpt>
<trkpt lat="44.93753" lon="3.02863"><ele>941.34</ele></trkpt>
<trkpt lat="44.93733" lon="3.02861"><ele>938.64</ele></trkpt>
<trkpt lat="44.93713" lon="3.02855"><ele>934.44</ele></trkpt>
<trkpt lat="44.93705" lon="3.02851"><ele>932.04</ele></trkpt>
<trkpt lat="44.93693" lon="3.02834"><ele>928.71</ele></trkpt>
<trkpt lat="44.93674" lon="3.0279"><ele>928.87</ele></trkpt>
<trkpt lat="44.93668" lon="3.02772"><ele>929.86</ele></trkpt>
<trkpt lat="44.93653" lon="3.02713"><ele>933.16</ele></trkpt>
<trkpt lat="44.93632" lon="3.02636"><ele>927.78</ele></trkpt>
<trkpt lat="44.93627" lon="3.02622"><ele>927.82</ele></trkpt>
<trkpt lat="44.9362" lon="3.02609"><ele>928.04</ele></trkpt>
<trkpt lat="44.93609" lon="3.02599"><ele>928.77</ele></trkpt>
<trkpt lat="44.93597" lon="3.02602"><ele>931.17</ele></trkpt>
<trkpt lat="44.93592" lon="3.02606"><ele>932.13</ele></trkpt>
<trkpt lat="44.93584" lon="3.02621"><ele>933.69</ele></trkpt>
<trkpt lat="44.93578" lon="3.02638"><ele>935.16</ele></trkpt>
<trkpt lat="44.93564" lon="3.02693"><ele>936.4</ele></trkpt>
<trkpt lat="44.93561" lon="3.02702"><ele>935.64</ele></trkpt>
<trkpt lat="44.93557" lon="3.02707"><ele>935.43</ele></trkpt>
<trkpt lat="44.9355" lon="3.0271"><ele>934.34</ele></trkpt>
<trkpt lat="44.93545" lon="3.0271"><ele>933.66</ele></trkpt>
<trkpt lat="44.93539" lon="3.02706"><ele>933.43</ele></trkpt>
<trkpt lat="44.93358" lon="3.02532"><ele>939.77</ele></trkpt>
<trkpt lat="44.93301" lon="3.02473"><ele>940.83</ele></trkpt>
<trkpt lat="44.93288" lon="3.02463"><ele>942.57</ele></trkpt>
<trkpt lat="44.9323" lon="3.0243"><ele>943.9</ele></trkpt>
<trkpt lat="44.93217" lon="3.02414"><ele>942.34</ele></trkpt>
<trkpt lat="44.93209" lon="3.02397"><ele>941.51</ele></trkpt>
<trkpt lat="44.93201" lon="3.02373"><ele>940.6</ele></trkpt>
<trkpt lat="44.93184" lon="3.0229"><ele>942.19</ele></trkpt>
<trkpt lat="44.93179" lon="3.02274"><ele>941.86</ele></trkpt>
<trkpt lat="44.93159" lon="3.02227"><ele>940.58</ele></trkpt>
<trkpt lat="44.93139" lon="3.02152"><ele>938.55</ele></trkpt>
<trkpt lat="44.9313" lon="3.02125"><ele>937.21</ele></trkpt>
<trkpt lat="44.93099" lon="3.02059"><ele>936.48</ele></trkpt>
<trkpt lat="44.93083" lon="3.02028"><ele>936.97</ele></trkpt>
<trkpt lat="44.93077" lon="3.02023"><ele>937.37</ele></trkpt>
<trkpt lat="44.93069" lon="3.0202"><ele>937.75</ele></trkpt>
<trkpt lat="44.93045" lon="3.02018"><ele>938.23</ele></trkpt>
<trkpt lat="44.93036" lon="3.02014"><ele>938.42</ele></trkpt>
<trkpt lat="44.93029" lon="3.02011"><ele>938.79</ele></trkpt>
<trkpt lat="44.93014" lon="3.01994"><ele>939.14</ele></trkpt>
<trkpt lat="44.93004" lon="3.01977"><ele>938.98</ele></trkpt>
<trkpt lat="44.92955" lon="3.01882"><ele>937.4</ele></trkpt>
<trkpt lat="44.9295" lon="3.01866"><ele>937.46</ele></trkpt>
<trkpt lat="44.92948" lon="3.01848"><ele>938.35</ele></trkpt>
<trkpt lat="44.92943" lon="3.01793"><ele>941.4</ele></trkpt>
<trkpt lat="44.92944" lon="3.01749"><ele>941.9</ele></trkpt>
<trkpt lat="44.9295" lon="3.01708"><ele>940.44</ele></trkpt>
<trkpt lat="44.92958" lon="3.01685"><ele>941.05</ele></trkpt>
<trkpt lat="44.92965" lon="3.01674"><ele>941.43</ele></trkpt>
<trkpt lat="44.93003" lon="3.01623"><ele>942.33</ele></trkpt>
<trkpt lat="44.93044" lon="3.01563"><ele>936.42</ele></trkpt>
<trkpt lat="44.93053" lon="3.01547"><ele>935.33</ele></trkpt>
<trkpt lat="44.93059" lon="3.01531"><ele>934.77</ele></trkpt>
<trkpt lat="44.9306" lon="3.01524"><ele>934.68</ele></trkpt>
<trkpt lat="44.93058" lon="3.01506"><ele>934.54</ele></trkpt>
<trkpt lat="44.9305" lon="3.01484"><ele>934.54</ele></trkpt>
<trkpt lat="44.93038" lon="3.01461"><ele>934.51</ele></trkpt>
<trkpt lat="44.93017" lon="3.01436"><ele>933.88</ele></trkpt>
<trkpt lat="44.93005" lon="3.01414"><ele>933.39</ele></trkpt>
<trkpt lat="44.92994" lon="3.01379"><ele>931.87</ele></trkpt>
<trkpt lat="44.92983" lon="3.01329"><ele>931.41</ele></trkpt>
<trkpt lat="44.9298" lon="3.01295"><ele>931.12</ele></trkpt>
<trkpt lat="44.9298" lon="3.01261"><ele>930.6</ele></trkpt>
<trkpt lat="44.93009" lon="3.0108"><ele>925.85</ele></trkpt>
<trkpt lat="44.93008" lon="3.01064"><ele>926.24</ele></trkpt>
<trkpt lat="44.93006" lon="3.01058"><ele>925.7</ele></trkpt>
<trkpt lat="44.92995" lon="3.0105"><ele>923.47</ele></trkpt>
<trkpt lat="44.92975" lon="3.01047"><ele>919.23</ele></trkpt>
<trkpt lat="44.9297" lon="3.01044"><ele>918.56</ele></trkpt>
<trkpt lat="44.92959" lon="3.01024"><ele>918.94</ele></trkpt>
<trkpt lat="44.92949" lon="3.00997"><ele>920.08</ele></trkpt>
<trkpt lat="44.92943" lon="3.00986"><ele>920.34</ele></trkpt>
<trkpt lat="44.92916" lon="3.00948"><ele>920.37</ele></trkpt>
<trkpt lat="44.92863" lon="3.00864"><ele>915.08</ele></trkpt>
<trkpt lat="44.92841" lon="3.00838"><ele>914.7</ele></trkpt>
<trkpt lat="44.92755" lon="3.00752"><ele>911.0</ele></trkpt>
<trkpt lat="44.9274" lon="3.00735"><ele>910.99</ele></trkpt>
<trkpt lat="44.92715" lon="3.00732"><ele>909.14</ele></trkpt>
<trkpt lat="44.92623" lon="3.00709"><ele>901.54</ele></trkpt>
<trkpt lat="44.9257" lon="3.00704"><ele>902.19</ele></trkpt>
<trkpt lat="44.92514" lon="3.00728"><ele>900.45</ele></trkpt>
<trkpt lat="44.92486" lon="3.00755"><ele>902.3</ele></trkpt>
<trkpt lat="44.924" lon="3.00866"><ele>903.29</ele></trkpt>
<trkpt lat="44.92386" lon="3.00876"><ele>902.72</ele></trkpt>
<trkpt lat="44.92373" lon="3.00879"><ele>901.51</ele></trkpt>
<trkpt lat="44.92351" lon="3.00877"><ele>899.8</ele></trkpt>
<trkpt lat="44.92299" lon="3.00858"><ele>896.67</ele></trkpt>
<trkpt lat="44.92277" lon="3.00856"><ele>895.59</ele></trkpt>
<trkpt lat="44.9224" lon="3.00866"><ele>892.51</ele></trkpt>
<trkpt lat="44.92143" lon="3.00915"><ele>894.64</ele></trkpt>
<trkpt lat="44.92079" lon="3.00941"><ele>897.02</ele></trkpt>
<trkpt lat="44.92043" lon="3.0096"><ele>898.6</ele></trkpt>
<trkpt lat="44.92027" lon="3.00975"><ele>898.89</ele></trkpt>
<trkpt lat="44.92019" lon="3.00994"><ele>898.55</ele></trkpt>
<trkpt lat="44.92008" lon="3.01039"><ele>897.53</ele></trkpt>
<trkpt lat="44.92013" lon="3.01047"><ele>898.07</ele></trkpt>
<trkpt lat="44.92057" lon="3.01087"><ele>903.15</ele></trkpt>
<trkpt lat="44.92067" lon="3.01099"><ele>903.5</ele></trkpt>
<trkpt lat="44.92083" lon="3.01154"><ele>910.63</ele></trkpt>
<trkpt lat="44.92097" lon="3.01192"><ele>914.35</ele></trkpt>
<trkpt lat="44.92102" lon="3.0121"><ele>914.67</ele></trkpt>
<trkpt lat="44.92102" lon="3.01222"><ele>914.97</ele></trkpt>
<trkpt lat="44.92086" lon="3.01281"><ele>919.27</ele></trkpt>
<trkpt lat="44.92028" lon="3.01416"><ele>915.04</ele></trkpt>
<trkpt lat="44.92012" lon="3.0146"><ele>911.83</ele></trkpt>
<trkpt lat="44.91991" lon="3.01523"><ele>904.15</ele></trkpt>
<trkpt lat="44.91986" lon="3.01534"><ele>902.68</ele></trkpt>
<trkpt lat="44.91968" lon="3.01547"><ele>899.73</ele></trkpt>
<trkpt lat="44.9196" lon="3.01546"><ele>898.74</ele></trkpt>
<trkpt lat="44.91992" lon="3.01615"><ele>899.59</ele></trkpt>
<trkpt lat="44.91999" lon="3.01635"><ele>899.13</ele></trkpt>
<trkpt lat="44.91996" lon="3.0168"><ele>894.7</ele></trkpt>
<trkpt lat="44.91999" lon="3.01709"><ele>894.86</ele></trkpt>
<trkpt lat="44.92005" lon="3.01726"><ele>895.46</ele></trkpt>
<trkpt lat="44.92016" lon="3.01746"><ele>895.6</ele></trkpt>
<trkpt lat="44.92022" lon="3.01751"><ele>893.75</ele></trkpt>
<trkpt lat="44.92016" lon="3.01746"><ele>895.6</ele></trkpt>
<trkpt lat="44.92005" lon="3.01726"><ele>895.46</ele></trkpt>
<trkpt lat="44.91999" lon="3.01709"><ele>894.86</ele></trkpt>
<trkpt lat="44.91996" lon="3.0168"><ele>894.7</ele></trkpt>
<trkpt lat="44.91999" lon="3.01635"><ele>899.13</ele></trkpt>
<trkpt lat="44.91992" lon="3.01615"><ele>899.59</ele></trkpt>
<trkpt lat="44.9196" lon="3.01546"><ele>898.74</ele></trkpt>
<trkpt lat="44.91942" lon="3.01522"><ele>898.43</ele></trkpt>
<trkpt lat="44.91934" lon="3.01519"><ele>897.9</ele></trkpt>
<trkpt lat="44.91926" lon="3.01513"><ele>897.65</ele></trkpt>
<trkpt lat="44.91923" lon="3.01504"><ele>897.72</ele></trkpt>
<trkpt lat="44.91921" lon="3.01487"><ele>898.27</ele></trkpt>
<trkpt lat="44.91899" lon="3.01436"><ele>897.14</ele></trkpt>
<trkpt lat="44.91891" lon="3.01376"><ele>897.82</ele></trkpt>
<trkpt lat="44.91888" lon="3.01369"><ele>897.67</ele></trkpt>
<trkpt lat="44.9187" lon="3.0135"><ele>895.75</ele></trkpt>
<trkpt lat="44.91847" lon="3.01331"><ele>894.16</ele></trkpt>
<trkpt lat="44.91838" lon="3.01325"><ele>893.9</ele></trkpt>
<trkpt lat="44.91832" lon="3.01315"><ele>894.28</ele></trkpt>
<trkpt lat="44.9183" lon="3.01295"><ele>895.35</ele></trkpt>
<trkpt lat="44.91861" lon="3.01225"><ele>898.13</ele></trkpt>
<trkpt lat="44.91838" lon="3.01204"><ele>895.56</ele></trkpt>
<trkpt lat="44.91789" lon="3.01146"><ele>889.79</ele></trkpt>
<trkpt lat="44.91785" lon="3.01128"><ele>889.66</ele></trkpt>
<trkpt lat="44.91785" lon="3.01107"><ele>888.83</ele></trkpt>
<trkpt lat="44.91796" lon="3.01072"><ele>886.76</ele></trkpt>
<trkpt lat="44.91796" lon="3.01043"><ele>886.5</ele></trkpt>
<trkpt lat="44.91794" lon="3.00991"><ele>883.98</ele></trkpt>
<trkpt lat="44.91788" lon="3.00961"><ele>881.88</ele></trkpt>
<trkpt lat="44.91778" lon="3.00928"><ele>878.33</ele></trkpt>
<trkpt lat="44.91768" lon="3.00915"><ele>876.75</ele></trkpt>
<trkpt lat="44.91746" lon="3.00902"><ele>874.81</ele></trkpt>
<trkpt lat="44.91696" lon="3.00879"><ele>872.5</ele></trkpt>
<trkpt lat="44.91691" lon="3.00865"><ele>870.37</ele></trkpt>
<trkpt lat="44.91701" lon="3.00856"><ele>868.89</ele></trkpt>
<trkpt lat="44.91714" lon="3.00856"><ele>867.99</ele></trkpt>
<trkpt lat="44.91799" lon="3.00828"><ele>861.22</ele></trkpt>
<trkpt lat="44.91808" lon="3.00812"><ele>859.94</ele></trkpt>
<trkpt lat="44.91809" lon="3.00796"><ele>859.26</ele></trkpt>
<trkpt lat="44.91795" lon="3.00753"><ele>860.49</ele></trkpt>
<trkpt lat="44.91788" lon="3.00741"><ele>862.14</ele></trkpt>
<trkpt lat="44.9178" lon="3.00737"><ele>863.44</ele></trkpt>
<trkpt lat="44.91773" lon="3.00738"><ele>864.69</ele></trkpt>
<trkpt lat="44.91746" lon="3.00752"><ele>867.74</ele></trkpt>
<trkpt lat="44.91733" lon="3.00755"><ele>868.33</ele></trkpt>
<trkpt lat="44.91727" lon="3.00751"><ele>870.14</ele></trkpt>
<trkpt lat="44.91725" lon="3.00746"><ele>871.34</ele></trkpt>
<trkpt lat="44.91705" lon="3.00753"><ele>870.59</ele></trkpt>
<trkpt lat="44.91685" lon="3.00758"><ele>869.47</ele></trkpt>
<trkpt lat="44.91657" lon="3.00761"><ele>867.45</ele></trkpt>
<trkpt lat="44.9162" lon="3.00757"><ele>865.84</ele></trkpt>
<trkpt lat="44.91587" lon="3.00745"><ele>862.45</ele></trkpt>
<trkpt lat="44.91548" lon="3.00722"><ele>859.68</ele></trkpt>
<trkpt lat="44.91455" lon="3.00645"><ele>857.43</ele></trkpt>
<trkpt lat="44.91401" lon="3.00608"><ele>861.13</ele></trkpt>
<trkpt lat="44.91353" lon="3.00591"><ele>860.15</ele></trkpt>
<trkpt lat="44.91333" lon="3.00585"><ele>862.16</ele></trkpt>
<trkpt lat="44.91288" lon="3.00584"><ele>859.34</ele></trkpt>
<trkpt lat="44.91262" lon="3.00588"><ele>857.6</ele></trkpt>
<trkpt lat="44.91158" lon="3.00617"><ele>843.94</ele></trkpt>
<trkpt lat="44.91143" lon="3.00619"><ele>843.35</ele></trkpt>
<trkpt lat="44.91116" lon="3.00615"><ele>843.76</ele></trkpt>
<trkpt lat="44.91055" lon="3.00598"><ele>838.01</ele></trkpt>
<trkpt lat="44.91033" lon="3.00596"><ele>834.66</ele></trkpt>
<trkpt lat="44.91013" lon="3.006"><ele>833.01</ele></trkpt>
<trkpt lat="44.90988" lon="3.00614"><ele>833.66</ele></trkpt>
<trkpt lat="44.90944" lon="3.00657"><ele>836.41</ele></trkpt>
<trkpt lat="44.90917" lon="3.00675"><ele>832.43</ele></trkpt>
<trkpt lat="44.90871" lon="3.00687"><ele>837.49</ele></trkpt>
<trkpt lat="44.90838" lon="3.00712"><ele>833.04</ele></trkpt>
<trkpt lat="44.90818" lon="3.00737"><ele>822.88</ele></trkpt>
<trkpt lat="44.90789" lon="3.00759"><ele>821.59</ele></trkpt>
<trkpt lat="44.90722" lon="3.00787"><ele>821.21</ele></trkpt>
<trkpt lat="44.9069" lon="3.00797"><ele>813.0</ele></trkpt>
<trkpt lat="44.90652" lon="3.00802"><ele>811.54</ele></trkpt>
<trkpt lat="44.90583" lon="3.00789"><ele>826.28</ele></trkpt>
<trkpt lat="44.90549" lon="3.00794"><ele>815.34</ele></trkpt>
<trkpt lat="44.90499" lon="3.0082"><ele>794.2</ele></trkpt>
<trkpt lat="44.90485" lon="3.00823"><ele>792.61</ele></trkpt>
<trkpt lat="44.9047" lon="3.0082"><ele>793.99</ele></trkpt>
<trkpt lat="44.9042" lon="3.00799"><ele>804.99</ele></trkpt>
<trkpt lat="44.90407" lon="3.00796"><ele>806.88</ele></trkpt>
<trkpt lat="44.90395" lon="3.00796"><ele>807.74</ele></trkpt>
<trkpt lat="44.90377" lon="3.00807"><ele>808.45</ele></trkpt>
<trkpt lat="44.90334" lon="3.00865"><ele>791.51</ele></trkpt>
<trkpt lat="44.90319" lon="3.00881"><ele>786.7</ele></trkpt>
<trkpt lat="44.90305" lon="3.00891"><ele>784.86</ele></trkpt>
<trkpt lat="44.90284" lon="3.00902"><ele>777.16</ele></trkpt>
<trkpt lat="44.90265" lon="3.00903"><ele>772.66</ele></trkpt>
<trkpt lat="44.90247" lon="3.00896"><ele>770.89</ele></trkpt>
<trkpt lat="44.90223" lon="3.00875"><ele>771.13</ele></trkpt>
<trkpt lat="44.90206" lon="3.00849"><ele>771.37</ele></trkpt>
<trkpt lat="44.90186" lon="3.00802"><ele>780.74</ele></trkpt>
<trkpt lat="44.90178" lon="3.00791"><ele>781.53</ele></trkpt>
<trkpt lat="44.90168" lon="3.00785"><ele>779.86</ele></trkpt>
<trkpt lat="44.90158" lon="3.00782"><ele>776.1</ele></trkpt>
<trkpt lat="44.90113" lon="3.00783"><ele>760.35</ele></trkpt>
<trkpt lat="44.90101" lon="3.00777"><ele>759.34</ele></trkpt>
<trkpt lat="44.90093" lon="3.00766"><ele>758.58</ele></trkpt>
<trkpt lat="44.90081" lon="3.00721"><ele>764.44</ele></trkpt>
<trkpt lat="44.90074" lon="3.00702"><ele>771.6</ele></trkpt>
<trkpt lat="44.90065" lon="3.0069"><ele>773.54</ele></trkpt>
<trkpt lat="44.90052" lon="3.00682"><ele>771.24</ele></trkpt>
<trkpt lat="44.90022" lon="3.00678"><ele>759.13</ele></trkpt>
<trkpt lat="44.90006" lon="3.00671"><ele>755.78</ele></trkpt>
<trkpt lat="44.89994" lon="3.00658"><ele>755.25</ele></trkpt>
<trkpt lat="44.89968" lon="3.00604"><ele>764.14</ele></trkpt>
<trkpt lat="44.89953" lon="3.00585"><ele>764.89</ele></trkpt>
<trkpt lat="44.89871" lon="3.00516"><ele>757.97</ele></trkpt>
<trkpt lat="44.89846" lon="3.00504"><ele>755.07</ele></trkpt>
<trkpt lat="44.89756" lon="3.00482"><ele>738.28</ele></trkpt>
<trkpt lat="44.89683" lon="3.00472"><ele>735.57</ele></trkpt>
<trkpt lat="44.89581" lon="3.00434"><ele>724.22</ele></trkpt>
<trkpt lat="44.89524" lon="3.00425"><ele>720.65</ele></trkpt>
<trkpt lat="44.89426" lon="3.0039"><ele>705.92</ele></trkpt>
<trkpt lat="44.89407" lon="3.00379"><ele>702.62</ele></trkpt>
<trkpt lat="44.89392" lon="3.00365"><ele>699.03</ele></trkpt>
<trkpt lat="44.89379" lon="3.0035"><ele>697.14</ele></trkpt>
<trkpt lat="44.89363" lon="3.00323"><ele>696.22</ele></trkpt>
<trkpt lat="44.89349" lon="3.00294"><ele>697.26</ele></trkpt>
<trkpt lat="44.89342" lon="3.00269"><ele>696.89</ele></trkpt>
<trkpt lat="44.89338" lon="3.0024"><ele>696.49</ele></trkpt>
<trkpt lat="44.89335" lon="3.00193"><ele>695.09</ele></trkpt>
<trkpt lat="44.89329" lon="3.00058"><ele>685.93</ele></trkpt>
<trkpt lat="44.89325" lon="3.00027"><ele>683.34</ele></trkpt>
<trkpt lat="44.89321" lon="3.00004"><ele>680.61</ele></trkpt>
<trkpt lat="44.89306" lon="2.99954"><ele>677.48</ele></trkpt>
<trkpt lat="44.89286" lon="2.99908"><ele>674.31</ele></trkpt>
<trkpt lat="44.89249" lon="2.9985"><ele>674.35</ele></trkpt>
<trkpt lat="44.89179" lon="2.99747"><ele>664.98</ele></trkpt>
<trkpt lat="44.89127" lon="2.99679"><ele>662.65</ele></trkpt>
<trkpt lat="44.89106" lon="2.99641"><ele>660.82</ele></trkpt>
<trkpt lat="44.89081" lon="2.99563"><ele>661.7</ele></trkpt>
<trkpt lat="44.89069" lon="2.99547"><ele>659.67</ele></trkpt>
<trkpt lat="44.89054" lon="2.99539"><ele>655.79</ele></trkpt>
<trkpt lat="44.8904" lon="2.99537"><ele>652.65</ele></trkpt>
<trkpt lat="44.89023" lon="2.99544"><ele>649.49</ele></trkpt>
<trkpt lat="44.88953" lon="2.99588"><ele>649.88</ele></trkpt>
<trkpt lat="44.88939" lon="2.99595"><ele>652.95</ele></trkpt>
<trkpt lat="44.88888" lon="2.99596"><ele>656.84</ele></trkpt>
<trkpt lat="44.88865" lon="2.99602"><ele>657.18</ele></trkpt>
<trkpt lat="44.88748" lon="2.99647"><ele>660.95</ele></trkpt>
<trkpt lat="44.88728" lon="2.99651"><ele>662.49</ele></trkpt>
<trkpt lat="44.88612" lon="2.99662"><ele>667.57</ele></trkpt>
<trkpt lat="44.88595" lon="2.9966"><ele>671.07</ele></trkpt>
<trkpt lat="44.88578" lon="2.99655"><ele>672.95</ele></trkpt>
<trkpt lat="44.88562" lon="2.99646"><ele>673.5</ele></trkpt>
<trkpt lat="44.88473" lon="2.99581"><ele>663.98</ele></trkpt>
<trkpt lat="44.8846" lon="2.99579"><ele>663.46</ele></trkpt>
<trkpt lat="44.88442" lon="2.99584"><ele>664.32</ele></trkpt>
<trkpt lat="44.88429" lon="2.99593"><ele>664.47</ele></trkpt>
<trkpt lat="44.88418" lon="2.99606"><ele>664.6</ele></trkpt>
<trkpt lat="44.88322" lon="2.99741"><ele>668.35</ele></trkpt>
<trkpt lat="44.88281" lon="2.99777"><ele>673.59</ele></trkpt>
<trkpt lat="44.88258" lon="2.99787"><ele>671.78</ele></trkpt>
<trkpt lat="44.88233" lon="2.99794"><ele>671.57</ele></trkpt>
<trkpt lat="44.88207" lon="2.99796"><ele>672.07</ele></trkpt>
<trkpt lat="44.88181" lon="2.99793"><ele>671.8</ele></trkpt>
<trkpt lat="44.88152" lon="2.99784"><ele>672.99</ele></trkpt>
<trkpt lat="44.88073" lon="2.99742"><ele>669.54</ele></trkpt>
<trkpt lat="44.88048" lon="2.99738"><ele>670.17</ele></trkpt>
<trkpt lat="44.88018" lon="2.99739"><ele>671.78</ele></trkpt>
<trkpt lat="44.87992" lon="2.99747"><ele>671.41</ele></trkpt>
<trkpt lat="44.87963" lon="2.9976"><ele>670.66</ele></trkpt>
<trkpt lat="44.87937" lon="2.99782"><ele>669.89</ele></trkpt>
<trkpt lat="44.87918" lon="2.99802"><ele>669.91</ele></trkpt>
<trkpt lat="44.87854" lon="2.99884"><ele>676.32</ele></trkpt>
<trkpt lat="44.8777" lon="2.9996"><ele>671.47</ele></trkpt>
<trkpt lat="44.87744" lon="2.9998"><ele>670.8</ele></trkpt>
<trkpt lat="44.87719" lon="2.99988"><ele>669.79</ele></trkpt>
<trkpt lat="44.87633" lon="2.99984"><ele>665.72</ele></trkpt>
<trkpt lat="44.87611" lon="2.99986"><ele>669.38</ele></trkpt>
<trkpt lat="44.87593" lon="2.99991"><ele>674.71</ele></trkpt>
<trkpt lat="44.87575" lon="3.00002"><ele>677.84</ele></trkpt>
<trkpt lat="44.87392" lon="3.0013"><ele>688.34</ele></trkpt>
<trkpt lat="44.87366" lon="3.00157"><ele>696.81</ele></trkpt>
<trkpt lat="44.87346" lon="3.00188"><ele>700.6</ele></trkpt>
<trkpt lat="44.87318" lon="3.00256"><ele>695.7</ele></trkpt>
<trkpt lat="44.87298" lon="3.00293"><ele>694.16</ele></trkpt>
<trkpt lat="44.8728" lon="3.00316"><ele>697.04</ele></trkpt>
<trkpt lat="44.8726" lon="3.00338"><ele>699.66</ele></trkpt>
<trkpt lat="44.87187" lon="3.0039"><ele>704.78</ele></trkpt>
<trkpt lat="44.87144" lon="3.00433"><ele>704.73</ele></trkpt>
<trkpt lat="44.87121" lon="3.00454"><ele>702.51</ele></trkpt>
<trkpt lat="44.871" lon="3.00467"><ele>703.47</ele></trkpt>
<trkpt lat="44.87031" lon="3.00495"><ele>706.8</ele></trkpt>
<trkpt lat="44.87014" lon="3.00508"><ele>704.41</ele></trkpt>
<trkpt lat="44.86995" lon="3.00525"><ele>704.55</ele></trkpt>
<trkpt lat="44.86979" lon="3.00549"><ele>707.71</ele></trkpt>
<trkpt lat="44.86961" lon="3.00582"><ele>715.51</ele></trkpt>
<trkpt lat="44.86938" lon="3.00615"><ele>720.5</ele></trkpt>
<trkpt lat="44.86908" lon="3.00649"><ele>723.95</ele></trkpt>
<trkpt lat="44.86893" lon="3.00672"><ele>724.91</ele></trkpt>
<trkpt lat="44.86877" lon="3.00701"><ele>727.29</ele></trkpt>
<trkpt lat="44.86863" lon="3.00737"><ele>727.04</ele></trkpt>
<trkpt lat="44.86842" lon="3.00813"><ele>726.82</ele></trkpt>
<trkpt lat="44.86832" lon="3.00838"><ele>727.04</ele></trkpt>
<trkpt lat="44.86821" lon="3.00862"><ele>726.23</ele></trkpt>
<trkpt lat="44.86782" lon="3.00936"><ele>728.43</ele></trkpt>
<trkpt lat="44.8674" lon="3.01028"><ele>733.08</ele></trkpt>
<trkpt lat="44.86731" lon="3.01044"><ele>730.21</ele></trkpt>
<trkpt lat="44.86718" lon="3.01054"><ele>728.63</ele></trkpt>
<trkpt lat="44.86702" lon="3.01055"><ele>727.96</ele></trkpt>
<trkpt lat="44.86692" lon="3.01052"><ele>728.64</ele></trkpt>
<trkpt lat="44.8668" lon="3.01043"><ele>729.07</ele></trkpt>
<trkpt lat="44.86646" lon="3.00984"><ele>742.58</ele></trkpt>
<trkpt lat="44.86626" lon="3.00962"><ele>745.98</ele></trkpt>
<trkpt lat="44.86604" lon="3.00944"><ele>747.97</ele></trkpt>
<trkpt lat="44.86585" lon="3.00933"><ele>749.0</ele></trkpt>
<trkpt lat="44.86556" lon="3.00922"><ele>752.25</ele></trkpt>
<trkpt lat="44.86522" lon="3.00917"><ele>751.96</ele></trkpt>
<trkpt lat="44.86488" lon="3.00922"><ele>746.59</ele></trkpt>
<trkpt lat="44.86458" lon="3.00937"><ele>741.44</ele></trkpt>
<trkpt lat="44.86432" lon="3.00962"><ele>740.37</ele></trkpt>
<trkpt lat="44.86417" lon="3.00986"><ele>742.73</ele></trkpt>
<trkpt lat="44.86412" lon="3.01"><ele>743.68</ele></trkpt>
<trkpt lat="44.86409" lon="3.0102"><ele>748.38</ele></trkpt>
<trkpt lat="44.86409" lon="3.0107"><ele>748.18</ele></trkpt>
<trkpt lat="44.86407" lon="3.01082"><ele>746.74</ele></trkpt>
<trkpt lat="44.86403" lon="3.01094"><ele>745.94</ele></trkpt>
<trkpt lat="44.86387" lon="3.01115"><ele>746.65</ele></trkpt>
<trkpt lat="44.86367" lon="3.01127"><ele>748.88</ele></trkpt>
<trkpt lat="44.86238" lon="3.01185"><ele>756.67</ele></trkpt>
<trkpt lat="44.86206" lon="3.0119"><ele>756.6</ele></trkpt>
<trkpt lat="44.86186" lon="3.0119"><ele>755.14</ele></trkpt>
<trkpt lat="44.86168" lon="3.01186"><ele>755.45</ele></trkpt>
<trkpt lat="44.86103" lon="3.01159"><ele>762.78</ele></trkpt>
<trkpt lat="44.86011" lon="3.01135"><ele>754.41</ele></trkpt>
<trkpt lat="44.85995" lon="3.01128"><ele>752.83</ele></trkpt>
<trkpt lat="44.85979" lon="3.01117"><ele>748.88</ele></trkpt>
<trkpt lat="44.85965" lon="3.01091"><ele>749.9</ele></trkpt>
<trkpt lat="44.85954" lon="3.01054"><ele>754.04</ele></trkpt>
<trkpt lat="44.85949" lon="3.01017"><ele>757.62</ele></trkpt>
<trkpt lat="44.85943" lon="3.00992"><ele>759.55</ele></trkpt>
<trkpt lat="44.85935" lon="3.00973"><ele>761.09</ele></trkpt>
<trkpt lat="44.85907" lon="3.00932"><ele>765.9</ele></trkpt>
<trkpt lat="44.8588" lon="3.0091"><ele>767.12</ele></trkpt>
<trkpt lat="44.85835" lon="3.00899"><ele>761.4</ele></trkpt>
<trkpt lat="44.85808" lon="3.00897"><ele>761.45</ele></trkpt>
<trkpt lat="44.85749" lon="3.00909"><ele>766.15</ele></trkpt>
<trkpt lat="44.85724" lon="3.00911"><ele>759.41</ele></trkpt>
<trkpt lat="44.85714" lon="3.00909"><ele>758.26</ele></trkpt>
<trkpt lat="44.85696" lon="3.00904"><ele>756.55</ele></trkpt>
<trkpt lat="44.85688" lon="3.00899"><ele>756.02</ele></trkpt>
<trkpt lat="44.85682" lon="3.00894"><ele>755.64</ele></trkpt>
<trkpt lat="44.85673" lon="3.00878"><ele>754.86</ele></trkpt>
<trkpt lat="44.85672" lon="3.00863"><ele>754.77</ele></trkpt>
<trkpt lat="44.85685" lon="3.00777"><ele>762.18</ele></trkpt>
<trkpt lat="44.85682" lon="3.00762"><ele>763.55</ele></trkpt>
<trkpt lat="44.85664" lon="3.00716"><ele>761.57</ele></trkpt>
<trkpt lat="44.85633" lon="3.00655"><ele>754.35</ele></trkpt>
<trkpt lat="44.85623" lon="3.0064"><ele>752.65</ele></trkpt>
<trkpt lat="44.85617" lon="3.00634"><ele>751.78</ele></trkpt>
<trkpt lat="44.85604" lon="3.00628"><ele>749.79</ele></trkpt>
<trkpt lat="44.85567" lon="3.00632"><ele>744.97</ele></trkpt>
<trkpt lat="44.85555" lon="3.00633"><ele>744.01</ele></trkpt>
<trkpt lat="44.85549" lon="3.00631"><ele>745.15</ele></trkpt>
<trkpt lat="44.8554" lon="3.00624"><ele>746.21</ele></trkpt>
<trkpt lat="44.85513" lon="3.00586"><ele>747.41</ele></trkpt>
<trkpt lat="44.85429" lon="3.00455"><ele>753.34</ele></trkpt>
<trkpt lat="44.854" lon="3.00424"><ele>754.88</ele></trkpt>
<trkpt lat="44.85424" lon="3.00381"><ele>757.26</ele></trkpt>
<trkpt lat="44.85433" lon="3.00336"><ele>759.42</ele></trkpt>
<trkpt lat="44.85434" lon="3.00327"><ele>760.95</ele></trkpt>
<trkpt lat="44.85431" lon="3.00312"><ele>764.09</ele></trkpt>
<trkpt lat="44.85411" lon="3.00244"><ele>772.84</ele></trkpt>
<trkpt lat="44.85406" lon="3.00237"><ele>773.66</ele></trkpt>
<trkpt lat="44.8539" lon="3.0023"><ele>773.75</ele></trkpt>
<trkpt lat="44.85374" lon="3.00213"><ele>776.06</ele></trkpt>
<trkpt lat="44.85365" lon="3.002"><ele>778.65</ele></trkpt>
<trkpt lat="44.85355" lon="3.00189"><ele>782.47</ele></trkpt>
<trkpt lat="44.85319" lon="3.00177"><ele>793.79</ele></trkpt>
<trkpt lat="44.85294" lon="3.00177"><ele>797.17</ele></trkpt>
<trkpt lat="44.85276" lon="3.0018"><ele>797.16</ele></trkpt>
<trkpt lat="44.8526" lon="3.00179"><ele>798.33</ele></trkpt>
<trkpt lat="44.8524" lon="3.00172"><ele>801.57</ele></trkpt>
<trkpt lat="44.85196" lon="3.00147"><ele>811.62</ele></trkpt>
<trkpt lat="44.85189" lon="3.00138"><ele>814.54</ele></trkpt>
<trkpt lat="44.85173" lon="3.00125"><ele>818.03</ele></trkpt>
<trkpt lat="44.8514" lon="3.00085"><ele>826.62</ele></trkpt>
<trkpt lat="44.85126" lon="3.00073"><ele>828.16</ele></trkpt>
<trkpt lat="44.85117" lon="3.00061"><ele>829.11</ele></trkpt>
<trkpt lat="44.85113" lon="3.00051"><ele>829.97</ele></trkpt>
<trkpt lat="44.85114" lon="3.00045"><ele>831.04</ele></trkpt>
<trkpt lat="44.85152" lon="3.0006"><ele>835.57</ele></trkpt>
<trkpt lat="44.85174" lon="3.00066"><ele>838.77</ele></trkpt>
<trkpt lat="44.85192" lon="3.00068"><ele>840.92</ele></trkpt>
<trkpt lat="44.85266" lon="3.00058"><ele>845.5</ele></trkpt>
<trkpt lat="44.85337" lon="3.00027"><ele>852.47</ele></trkpt>
<trkpt lat="44.85351" lon="3.00016"><ele>853.59</ele></trkpt>
<trkpt lat="44.85373" lon="2.99976"><ele>861.13</ele></trkpt>
<trkpt lat="44.85392" lon="2.99951"><ele>862.64</ele></trkpt>
<trkpt lat="44.8541" lon="2.9993"><ele>865.84</ele></trkpt>
<trkpt lat="44.85424" lon="2.9992"><ele>868.07</ele></trkpt>
<trkpt lat="44.85439" lon="2.99918"><ele>869.1</ele></trkpt>
<trkpt lat="44.855" lon="2.9993"><ele>869.11</ele></trkpt>
<trkpt lat="44.85535" lon="2.99933"><ele>871.95</ele></trkpt>
<trkpt lat="44.85578" lon="2.99927"><ele>874.0</ele></trkpt>
<trkpt lat="44.85595" lon="2.99919"><ele>874.53</ele></trkpt>
<trkpt lat="44.85605" lon="2.99908"><ele>875.43</ele></trkpt>
<trkpt lat="44.85612" lon="2.99892"><ele>877.07</ele></trkpt>
<trkpt lat="44.85615" lon="2.99877"><ele>879.29</ele></trkpt>
<trkpt lat="44.85616" lon="2.99761"><ele>886.58</ele></trkpt>
<trkpt lat="44.85621" lon="2.99712"><ele>889.36</ele></trkpt>
<trkpt lat="44.85624" lon="2.99688"><ele>892.19</ele></trkpt>
<trkpt lat="44.85629" lon="2.99674"><ele>893.31</ele></trkpt>
<trkpt lat="44.85636" lon="2.99664"><ele>893.29</ele></trkpt>
<trkpt lat="44.85662" lon="2.9964"><ele>893.41</ele></trkpt>
<trkpt lat="44.85669" lon="2.99623"><ele>897.61</ele></trkpt>
<trkpt lat="44.85673" lon="2.99603"><ele>902.59</ele></trkpt>
<trkpt lat="44.85679" lon="2.99589"><ele>905.01</ele></trkpt>
<trkpt lat="44.85686" lon="2.99585"><ele>905.72</ele></trkpt>
<trkpt lat="44.85697" lon="2.99585"><ele>905.83</ele></trkpt>
<trkpt lat="44.85712" lon="2.99593"><ele>906.32</ele></trkpt>
<trkpt lat="44.85746" lon="2.99618"><ele>906.06</ele></trkpt>
<trkpt lat="44.85756" lon="2.9962"><ele>905.73</ele></trkpt>
<trkpt lat="44.85762" lon="2.99617"><ele>905.87</ele></trkpt>
<trkpt lat="44.85766" lon="2.99609"><ele>906.56</ele></trkpt>
<trkpt lat="44.85767" lon="2.99599"><ele>908.0</ele></trkpt>
<trkpt lat="44.85763" lon="2.99592"><ele>909.13</ele></trkpt>
<trkpt lat="44.85734" lon="2.99571"><ele>910.28</ele></trkpt>
<trkpt lat="44.85723" lon="2.99557"><ele>910.81</ele></trkpt>
<trkpt lat="44.85699" lon="2.9952"><ele>913.76</ele></trkpt>
<trkpt lat="44.85689" lon="2.99508"><ele>914.86</ele></trkpt>
<trkpt lat="44.85663" lon="2.99489"><ele>916.04</ele></trkpt>
<trkpt lat="44.85604" lon="2.9942"><ele>921.99</ele></trkpt>
<trkpt lat="44.85608" lon="2.99418"><ele>921.96</ele></trkpt>
<trkpt lat="44.85676" lon="2.99428"><ele>918.41</ele></trkpt>
<trkpt lat="44.85769" lon="2.99423"><ele>918.0</ele></trkpt>
<trkpt lat="44.85807" lon="2.99418"><ele>918.95</ele></trkpt>
<trkpt lat="44.85837" lon="2.99408"><ele>920.18</ele></trkpt>
<trkpt lat="44.775" lon="2.948"></trkpt>
<trkpt lat="44.6819" lon="2.8467"></trkpt>
</trkseg></trk></gpx>